timestamp,segment,rf_power_mean,rf_power_var,cmd_rate,cmd_invalid_ratio,mode_change_flag,bit_error_rate,link_status,attitude_error,thermal_drift,payload_data_integrity,anomaly_score,label
0,space,1.2369304168724116,0.7736900246531511,3,0.04993377693462099,1,0.004458327528535912,nominal,0.09202417491714628,0.050444436532239664,0.8799721943430512,0.013999698964084628,benign
1,ground,0.7861035431983273,0.3741050078151498,3,0.42373205811362863,0,0.005142344384136116,nominal,2.4737199105233194,0.3978447805324402,0.2971061460667621,0.42063311266913106,ground_segment_compromise
2,link,0.9191223068012395,0.5417727190009511,7,0.043473068496287584,1,0.005467102793432797,nominal,1.8494481522053556,0.45393612290402124,0.16856070581242846,0.7256176498949491,payload_data_manipulation
3,ground,1.5285611131094579,0.49129263950530044,1,0.011860196958790734,0,0.003948815181755697,nominal,0.1349220129605481,0.05347204127329609,0.9302154051003889,0.2744879026631342,benign
4,link,1.7344706427161962,0.2752203330919927,16,0.5420608820686481,1,0.013318447132349934,nominal,2.392104093826969,0.43851242405826896,0.2636019011194621,0.5210315214012378,unauthorized_command
5,space,1.1664462202444648,0.6807064981251685,14,0.285960908033952,0,0.004985844582977499,nominal,1.7865656029801387,0.5501448331524805,0.5228763541126306,0.8822032461394687,unauthorized_command
6,link,1.5790933264660139,0.3451914138506992,3,0.02343797068071358,0,0.003562978380769749,degraded,0.0345024656393763,0.10887326832962568,0.9384872065780541,0.08082370013955643,benign
7,ground,1.9430929506052652,0.5349155625663677,6,0.052758610778364086,0,0.00363629602379294,nominal,0.10019686522157015,0.03850581584773201,0.8978905520555126,0.2956951362331802,benign
8,ground,0.7892508898300582,0.6582063894086094,5,0.012814222258487874,0,0.0036778313271925325,degraded,0.02246682844669337,0.05137125949612055,0.92903455808189,0.05230992870149743,benign
9,ground,9.223471202046772,4.114487626171151,8,0.05067056530192805,0,0.06702102818608836,lost,2.1252464251729384,0.5346448209496976,0.3852189876925726,0.4504839789970293,uplink_jamming
10,link,0.07509853141788425,0.7337262486901067,6,0.001270558249394756,0,0.009401334424577785,nominal,0.09873561872144361,0.03080210735772188,0.9085080461109799,0.152644223051628,benign
11,link,12.2098564369003,4.922898290585896,7,0.4416372220890783,0,0.18380698327656703,nominal,2.2412362076215926,0.4776537214674149,0.009273969917320457,0.9569911375526352,uplink_jamming
12,space,1.357000247046046,0.31009619096422836,5,0.013491184746464815,0,0.0026847485689015685,nominal,0.057237974056009465,0.02945876482128806,0.8645101528477201,0.25460093847740234,benign
13,link,1.4525609799782795,0.3792191255030943,10,0.005579046114409759,0,0.008101133946791808,nominal,0.10409370696931614,0.06372520380749028,0.8061000499878099,0.011204456624764325,benign
14,link,0.19364206440517417,0.6932784003944834,25,0.21832217258606848,1,0.005430858316394838,nominal,1.3543919434319087,0.3692085700330625,0.4464255857994692,0.5505163164079967,unauthorized_command
15,link,0.0047002252113180765,0.34563618444864896,5,0.09964813484418612,0,0.0017329432007084577,degraded,0.033658411693205145,0.08687431595503692,0.8495461979002316,0.10679180359537847,benign
16,space,3.6990923818599892,1.1799689901133017,5,0.6754497085702935,0,0.023852172843576033,nominal,2.5862178911961213,0.553140001096033,0.40630100542978903,0.74402022500316,spoofing
17,space,0.9241074524822084,0.6176634412969153,3,0.0008774773318564383,0,0.009611905638239143,nominal,0.06886502400897032,0.038212704861115776,0.8236329655243313,0.2090211496092452,benign
18,space,11.69920419404205,5.448648674052005,5,0.2361972006366469,0,0.13219578248721311,nominal,2.5355207620587543,0.4137384878434452,0.2266373317057769,0.7205964841183381,uplink_jamming
19,space,1.3952969947120728,0.452155040426049,7,0.014429753678415088,0,0.0001083765148029836,nominal,0.13853391647615557,0.06334112206939584,0.9579236285589108,0.02736183091460711,benign
20,ground,1.9068332879394538,0.5809165790235049,8,0.032107880701029226,0,0.009686519439741349,lost,0.026912167198213904,0.05579765623074252,0.9183777477642568,0.10506547401009406,benign
21,ground,2.812775043651186,0.3888772195083583,2,0.46145559278685433,0,0.04625417540378944,degraded,1.5863845282238385,0.4891239851543142,0.17142725176911644,0.9211594769136762,spoofing
22,link,1.2008558610494706,0.509121567985119,4,0.0036442485938085476,0,0.0032268638827758368,degraded,0.05513818343193472,0.08051659914501663,0.9474201411686038,0.2745763025007319,benign
23,link,0.2735752704638196,0.6568012821828337,6,0.03784389339635996,1,0.0018812115972376131,nominal,1.3398833964896788,0.6831458765854354,0.5596370900124079,0.9196383337002451,ground_segment_compromise
24,ground,0.9460075178234707,0.8054202519784954,5,0.001813286277166658,0,0.009852860506655044,nominal,0.07578121540153482,0.053328590716063225,0.9452241688143697,0.22712436061273675,benign
25,space,1.4037778158027145,0.22628197689162854,6,0.07949129977633727,0,0.006717006844058567,nominal,0.08755179257604633,0.06943141901908711,0.8268030456901282,0.00863480289400169,benign
26,space,3.203113547946506,1.0148718187898214,5,0.18562853896632722,0,0.03432351398167541,nominal,2.606078216612551,0.485595070172548,0.4613506447892385,0.4397415867111195,spoofing
27,link,1.5613388423990107,0.21176084790080024,2,0.0076623981732946095,0,0.002401456187781931,nominal,0.05300601068363224,0.04874641805453656,0.9335115477042054,0.05169596136048895,benign
28,ground,1.4775711602506192,0.24394177435294884,5,0.026164934741284944,0,0.0003180468148516513,degraded,0.10612527491697596,0.08946921783205117,0.8313955365432388,0.11318578957262176,benign
29,space,1.0890642128805323,0.5071270919700912,5,0.007382141086812779,0,0.005365906459873325,nominal,0.06077440530933488,0.026604631323498204,0.8209738333064962,0.22122156182814573,benign
30,ground,0.17045420580617165,0.37068542315149466,6,0.05478776225807301,0,0.0011976213181925121,nominal,0.0805965405101293,0.03663196063393464,0.8726164592797271,0.19377517239948036,benign
31,ground,0.3007162130904294,0.6125938473381142,2,0.012573535170832326,0,0.0010178247262040375,lost,0.07274154003340781,-5.5190433244305115e-05,0.9964757233817213,0.033611670650415704,benign
32,ground,1.3423211007775842,0.38464573388633344,7,0.023318108262710746,0,0.0017088758739006583,degraded,0.1129861250860741,0.03191366749791183,0.8577261106480512,0.17437146642678367,benign
33,space,0.9257242974964752,0.4185079724729469,4,0.04919949781245852,0,0.0013441467693897425,nominal,0.17207843103289502,0.061541442543610804,0.9661238815575458,0.28950807319995375,benign
34,ground,0.8984773069785037,0.5976088158757499,3,0.00647375862882259,0,0.008418287767582721,lost,-0.010405327583693863,0.05721556849346857,0.9754401081626216,0.11773353222679062,benign
35,ground,1.1250952461238215,0.6611470599052237,14,0.21499920636291084,1,0.010795621238292662,degraded,0.8554693715335013,0.6432481917452506,0.19968947154749056,0.8383294820855809,unauthorized_command
36,ground,13.41164971867537,4.967669749074886,7,0.18537934682830454,0,0.13597262738860832,degraded,2.027577938209306,0.7505689209641973,0.32391638226770203,0.6918144891973648,uplink_jamming
37,space,1.6929516606455495,0.7017205899697672,5,0.029382163330209165,1,0.005427244433475962,degraded,0.23217857916992754,0.08564327237072158,0.9844998762354591,0.21217159029401958,benign
38,ground,1.295137309530894,0.8186373253278794,5,0.12667682169185443,0,0.009343670147690148,nominal,0.015376768514259037,0.08059100638921228,0.8109523277644063,0.10055917249377028,benign
39,space,0.894991650812453,0.31049204254281754,22,0.39591282957535484,0,0.01727036281225914,nominal,2.2358440525989205,0.3470235696827192,0.09930799045678429,0.420327496147957,unauthorized_command
40,space,0.4914039147273047,0.6033338617296246,2,0.14715780631395806,0,0.009610703174694552,nominal,0.10296092170072442,0.053961695215357104,0.8410279280964015,0.057206316199099966,benign
41,link,0.9278197940380287,0.16985285611028772,5,0.017431750579972472,0,0.007140591997898282,degraded,0.12568977067903056,0.04411266677963389,0.9053156933318588,0.2402249314458363,benign
42,link,1.6111016731039685,0.06513528718267059,6,0.3313000529654955,0,0.002538885640433043,degraded,1.8620952171990042,0.39424687485666576,0.19439403666407976,0.4521550089702096,ground_segment_compromise
43,space,6.6604416558632,6.764686934262719,5,0.04961213265759383,1,0.18390075666154626,nominal,2.4859113450863677,0.49690417493634265,0.4799131535683891,0.6551281026815401,uplink_jamming
44,link,0.6028487124182391,0.8241536046934549,7,0.09286171274565315,0,0.002180231074940865,degraded,0.09983245651705133,0.038772662818086834,0.8280037077320899,0.07910514079038493,benign
45,ground,1.1571018664752253,0.8330948888925154,4,0.007363219710073047,0,0.0017537127862344958,nominal,0.02828175164205772,0.061620440197319715,0.8778591228083954,0.08660812103120996,benign
46,space,1.2705009363018145,0.5265872370445381,5,0.07934568013952437,0,0.003966493730520543,degraded,0.0475585832959162,0.029081746622858035,0.9409851099377906,0.17948581748044637,benign
47,ground,0.10972165839475878,0.6264815478111042,4,0.10989549950045042,0,0.002721451372299627,degraded,0.153228433901335,0.05239211337774139,0.9464449772819122,0.2419683443584349,benign
48,link,12.7096903447465,6.028642630303066,5,0.18440042427248027,1,0.0577393709988065,nominal,2.6784283871094443,0.4640562725975098,0.4470387288721322,0.43292956878788497,uplink_jamming
49,ground,1.0480603884704918,0.4075449422589915,2,0.021920438819864135,0,0.0023000883728770305,degraded,0.10674923604098444,0.03698830316886287,0.9251782752874018,0.26579332447085613,benign
50,link,12.087091818573107,5.256161458433825,3,0.2623480563372442,1,0.05003562853638269,nominal,1.7223880004356191,0.419396968032943,0.20182227829705324,0.7135115149807139,uplink_jamming
51,space,2.799208133959266,0.5966648466897169,2,0.31457482151970506,1,0.021852324818239604,nominal,1.3963020841768128,0.48342769468533847,0.5274709845372988,0.9668392133748461,spoofing
52,space,0.5872075784912696,0.48058008651933537,4,0.023765545816210012,0,0.004015802364254874,lost,0.12342817466857613,0.06016379554984261,0.9259555845992307,0.06489720691096605,benign
53,link,1.0543344155336751,0.1582464721640841,5,0.10560074910820134,0,0.004911863408686266,nominal,0.1562839392184815,0.03790744442796541,0.9704387066694016,0.01062671052556352,benign
54,space,0.9845246760340327,0.4646105545011901,4,0.0657544414559895,0,0.00372688517012314,nominal,-0.0740404414380042,0.03259553515712977,0.9184815569319036,0.24740428977754475,benign
55,link,1.204706708934565,0.6275946540301546,3,0.01889153890040302,0,0.005212603121804149,nominal,0.0685241725975458,0.049167570134149706,0.9758142960456263,0.0015435512264144302,benign
56,space,1.278028323914428,0.5737346617745802,15,0.19184179202086682,1,0.01664268355915484,degraded,2.0232182740780744,0.5645484181141075,0.46790723709068616,0.46418838329617507,unauthorized_command
57,link,5.16325472330546,0.8946577918537483,8,0.25175418059138144,0,0.017179892936953337,nominal,1.6300628617683062,0.613660477170456,0.15150524981302932,0.40061768790738006,spoofing
58,link,0.7715163382112875,0.2103972199167512,5,0.027147236766915026,0,0.0016362382119166918,lost,0.13251005889793305,0.04801648272441234,0.8839454633852245,0.19155778429922565,benign
59,space,0.4417070978730765,0.2657313980538056,7,0.008127661712697305,0,0.00724422672614117,nominal,-0.024064749328260082,0.060276703861310926,0.9935022527227555,0.0556376624029963,benign
60,link,0.8715948457904832,0.5749955876679418,2,0.05022022482892312,0,0.004303058948994627,nominal,0.07769082833926103,0.01220918538108938,0.8023241079816201,0.021734066338367664,benign
61,link,1.450912400180845,0.7549354677129518,6,0.0013384026617621135,0,0.007570592676112233,lost,0.0955152186596237,0.07046282409374453,0.8165017068880843,0.24735421406905014,benign
62,ground,1.0457928693468814,0.8595373053699045,2,0.04276439990536682,1,0.00800586699109083,nominal,0.19059900620674358,0.057158514573835376,0.9741938247492171,0.21422607963972834,benign
63,link,2.0578778609583273,0.4589490740771827,16,0.18170160887560555,0,0.011060029051839169,nominal,2.8661076262428242,0.6075082821035963,0.28756735714577236,0.7694452131653458,unauthorized_command
64,link,1.2614177440177499,0.3852599992122842,7,0.05791267414358233,0,0.0065870777550087614,nominal,0.01657079630612053,0.040336270754012526,0.8691869985093926,0.11131162889538081,benign
65,link,1.7869933816450163,0.18763862772090567,7,0.41153165193222646,0,0.007252576604151365,degraded,2.3885080478786445,0.5323800127605945,0.29536671386882085,0.5483386446419063,ground_segment_compromise
66,ground,0.8542550105032549,0.8623384112238053,17,0.24649740276160764,1,0.0019052301590925258,nominal,2.7688057800370207,0.5433144769231909,0.2652146242697145,0.5985336177935032,unauthorized_command
67,link,0.850245430913896,0.9379500575618374,5,0.0944704986435036,0,0.009485833548514337,nominal,0.10869540208282524,0.07178873418720869,0.9079811679004425,0.010256329781747453,benign
68,space,0.9345420136151253,0.29300902709357346,2,0.24488634371773393,0,0.00933875017527905,nominal,3.044187352390364,0.4860410371844826,0.08379075285378774,0.41798415392360677,ground_segment_compromise
69,link,1.1382845762974638,0.3698572925309821,10,0.09663104020449127,0,0.004437502193045712,nominal,0.15935151527801902,0.08266863064602192,0.8213186060615982,0.1973535913809108,benign
70,link,0.426827303490656,0.43309849872865064,7,0.474320421460049,0,0.002886855955306381,nominal,1.5504191864989805,0.6338115216447682,0.33806335640907526,0.6282518225396786,ground_segment_compromise
71,space,1.7931869400795082,0.24137093527076842,8,0.023800869572743605,0,0.0007319592376844364,nominal,0.151128521600482,0.09879504812678547,0.9215810185586889,0.22946497846263847,benign
72,link,1.6593823078635972,0.5173718326323605,21,0.24935468400696886,0,0.008617241830760666,degraded,1.766592527105109,0.45726753174318285,0.3704110544477845,0.7138508347490709,unauthorized_command
73,space,6.1757936778302795,5.396838665848805,4,0.10541403721204683,1,0.1415500674966378,degraded,1.2035031332341655,0.5440474737960399,0.5777561251425478,0.6901273880319548,uplink_jamming
74,space,0.49911586071767267,0.5136942737057341,17,0.4167853054885078,0,5.16802968996477e-05,nominal,2.0882556380813724,0.5265403828348537,0.3339822347620303,0.5533869986855634,unauthorized_command
75,ground,1.514419147706406,0.613958762380754,3,0.058459997325242354,0,0.00766656135200406,degraded,0.005390787558816654,0.03599302385084093,0.927592158663194,0.07706515429371444,benign
76,space,8.714003553038243,4.196325432030269,4,0.7097056301870109,1,0.11422994223884222,nominal,2.281672731252512,0.38992207171633153,0.21299778349916237,0.44165430564765606,uplink_jamming
77,link,0.6443506876197311,0.5392335091157457,5,0.027033980568377032,0,0.002711474365001848,nominal,0.0024440762575571456,0.037421422176226155,0.916095001343335,0.026630218232330537,benign
78,space,1.0846804120180389,0.21725710061900394,7,0.2117221140039122,0,0.0009667644964671962,nominal,2.096024558245016,0.4690883535797499,0.07662809018114089,0.8956405781515171,ground_segment_compromise
79,link,2.7091939198559625,0.8776530741794367,5,0.3907095495111037,0,0.023666980075876833,nominal,0.7424807737324965,0.5028202711521927,0.3238395712559657,0.7767700316635815,spoofing
80,link,11.13688201251231,5.599594113281494,2,0.07463596679845427,0,0.09570187086470613,degraded,1.9874865206274281,0.5817766299200287,0.36375176265058645,0.8588858805417973,uplink_jamming
81,ground,1.2551395052660355,0.6995625436528056,3,0.06736134747313295,0,0.001217619111252748,lost,0.05152380552400105,0.06451533646326066,0.800066501224098,0.005306342883977166,benign
82,ground,9.082086228350853,4.311333245037057,4,0.31426625162327576,1,0.19922994757546508,nominal,1.8487651567559358,0.5160573981049864,0.48838216170361126,0.7691316629386065,uplink_jamming
83,link,1.0015230100767072,0.2266242603169158,4,0.0279908840223245,1,0.003677593508772896,nominal,0.14315501130853156,0.03407119637880841,0.8274219411457998,0.1605930394357775,benign
84,space,0.4027801209971501,0.6025687226158755,2,0.07448788310246822,0,0.0006461667984408615,degraded,0.0997519007979981,0.042208067862824154,0.9303421295821936,0.24320577839587987,benign
85,space,11.107666663563093,5.284889892572199,6,0.14990163340607265,0,0.19330020297558925,nominal,1.6971425384983307,0.6301741289398798,0.03999122433641398,0.7110448131671225,uplink_jamming
86,space,1.7807555983634265,0.6586112761314858,1,0.026972705388397595,0,0.008021305581275876,nominal,0.04616695327378352,0.014427383335803928,0.909923208743785,0.24916033692145195,benign
87,link,1.4980238429029082,0.34864098228610785,3,0.06409139799935529,0,0.006246635688542638,nominal,0.2082501172450542,0.037129635392397144,0.9959940658717701,0.18056447689089664,benign
88,ground,1.4639200640406185,0.28527419879957705,2,0.021634374451123695,0,0.00043735625879969485,nominal,0.07442747222248845,0.03479199851333388,0.9856635065697155,0.2027946826759066,benign
89,space,1.4302367441798727,0.3833845122862123,9,0.035345623280502204,0,0.00861369996363436,nominal,0.06743215531040855,0.07476566142867272,0.9465603089532502,0.1626711616475545,benign
90,ground,1.0106357883680308,0.8622750057329963,4,0.012398385489164486,0,0.008733229158608077,nominal,0.08954883713569874,0.032989590915814,0.9600141937398319,0.06121069038866965,benign
91,link,0.7426792253909265,0.27795532269808,1,0.09328095289579644,0,0.007837917844853973,nominal,0.0446845909385829,0.033656290667820096,0.9444141876405474,0.2658587341395223,benign
92,space,-0.04706031383188858,0.4167611994539719,5,0.003632234716957448,0,0.004023271246865559,nominal,0.08468232696143453,0.051311876913663575,0.8644216008458372,0.19094719531474622,benign
93,space,1.0407815174921828,0.7613114923528695,4,0.06487364182741676,0,0.0037346259614417345,degraded,0.1441107891233404,0.04873421757722073,0.8356504933809283,0.20577338131495912,benign
94,ground,2.1354326405177733,0.5712333754449685,7,0.3421461868918928,0,0.0016529411097017455,degraded,0.8881939845022346,0.5156378122918278,0.3787023875740238,0.42990521666976494,ground_segment_compromise
95,ground,1.1659858669767413,0.6800353973824933,5,0.5023728996493312,0,0.0015890816766935356,nominal,1.5537720803215482,0.41597185693428707,0.4556389574507782,0.669843905470324,payload_data_manipulation
96,space,2.077169810273167,0.27272792191811757,5,0.6022513965340651,0,0.023893733050353708,nominal,1.7354736613268527,0.5794264679621828,0.11885857965584407,0.739198152742966,spoofing
97,space,0.3728552884153753,0.33537638773038403,8,0.09012476627736632,0,0.0068375410557704255,lost,0.04378537028970846,0.06300380761461509,0.81951250204786,0.2585960725212817,benign
98,ground,1.010396853837704,0.3543994117541731,3,0.01671578930337169,0,0.008064036172328395,nominal,0.05233356958706439,0.056461585462320586,0.9759163709903058,0.2611735275138021,benign
99,space,0.8738232489368563,0.5734464598844426,3,0.054864586982091554,0,0.005525136147827252,nominal,0.05933226761055413,0.045894394516100424,0.8882144316501568,0.058682781913354506,benign
100,space,1.5940728673534919,0.6073487246024923,8,0.183907646666091,0,0.003959704726624549,nominal,0.07981757683790017,0.030897548413012944,0.8880646836736699,0.1845894075209406,benign
101,space,1.2117995327967306,0.6042590581191513,6,0.0006438763262683131,0,0.004177609792750997,degraded,0.1289816586606788,0.05651592633164333,0.815881316928606,0.2194489471021087,benign
102,space,1.1383545219524922,0.6464281126970233,5,0.005296525780671308,0,0.00314060794992732,nominal,0.18205233148644792,0.058947186043812216,0.8871010908796318,0.17317491923058392,benign
103,ground,1.7860726193474357,0.8532715642243278,0,0.26549791999650973,1,0.022596783544518707,degraded,1.496719504456049,0.477574484124243,0.5198319085508052,0.5293179212747992,spoofing
104,space,0.7029116256350212,0.7057365221392784,8,0.03955617971625892,0,0.009383048184484826,nominal,-0.008633477300701811,0.06694843354300843,0.9953600657021319,0.033216177997894704,benign
105,space,1.194121323892672,0.3607160414154793,10,0.006649088695063443,0,0.009727763228920858,nominal,0.08906896444206344,0.06659924346142744,0.8148481745976773,0.06790544830244578,benign
106,space,2.4471649653788203,1.2850922775920728,2,0.5073922500387689,0,0.045692099925586094,nominal,1.766448296604612,0.42662120262146364,0.4988241086314259,0.7593871049063263,spoofing
107,space,1.0180316957348137,0.27591546801767663,5,0.05555129767433929,0,0.003408156997898466,nominal,0.05520005965927491,0.03138237611613191,0.894579426562181,0.2951520938566313,benign
108,link,0.6287647071509759,0.23599549775585882,1,0.022521591009812672,0,0.0047249335500651355,nominal,0.09584472136856527,0.05164879505869007,0.8011011598320842,0.002299209794767598,benign
109,ground,0.2712242502675347,0.43802358527124974,2,0.024922156555304616,0,0.004385384885374355,degraded,0.10660683606679905,0.0766123407101918,0.975972535472232,0.17243386627932455,benign
110,ground,1.3790530992587358,0.48255688031687,7,0.11864950782488341,0,0.0016520393933785015,nominal,0.12098327612990348,0.04246009681665928,0.933058420395611,0.240106463707022,benign
111,space,11.151559565332906,6.521398497831922,5,0.17792751128984505,0,0.060651149679988324,nominal,2.3794693000609737,0.5058351004285477,0.0852822742760746,0.40702396643854244,uplink_jamming
112,ground,0.6276078966367364,0.4627755304495661,4,0.0289258064181126,0,0.009101346367821343,nominal,0.10405314353468285,0.03390018678139424,0.972348498983659,0.1770856628859479,benign
113,ground,1.748003606358589,0.5914459749655379,2,0.0012431541092613387,0,0.000988736176406354,nominal,-0.019586082885639677,0.0419156597605278,0.9523813640264831,0.2839933301980639,benign
114,link,1.0647056291377988,0.21746631636579455,5,0.14763240026528596,0,0.0007171188884765101,nominal,0.09770149960414275,0.027066705709581935,0.8055073439738931,0.15163653537313498,benign
115,link,0.9558185203973324,0.42599779402357446,3,0.23022360177686313,0,0.0016002493646319405,nominal,1.9463489279978856,0.5447716925810278,0.23130714284215337,0.6042322625527035,ground_segment_compromise
116,space,0.3659822252494235,0.5246658148781079,7,0.1080672143097231,0,0.002469074266675856,nominal,0.10831328229503667,0.056487999435758225,0.8414618006375116,0.23471649883802617,benign
117,link,2.642088909618838,1.588207381648314,3,0.40521079922014674,1,0.01805248431289733,nominal,2.884558350131643,0.46382369311631866,0.4765263975296432,0.5654605409508142,spoofing
118,link,1.1400606944847245,0.5754200787804373,20,0.35417226074335,0,0.009668148719462933,nominal,1.6731168306755901,0.28643257860213045,0.3463674175398787,0.9193462873747313,unauthorized_command
119,link,2.568874266829997,0.8035040218127745,3,0.6399406394289291,1,0.00806589342326277,nominal,1.6027869732656597,0.5722696009522619,0.45755783681650514,0.9575544388043375,ground_segment_compromise
120,ground,0.5688238134682777,0.4180078992294453,4,0.27040944979726855,0,0.0035871552541701344,nominal,0.13625478934239987,0.06032356574229917,0.9480952263907039,0.04285508619025158,benign
121,space,3.180583206608363,1.0435716150344996,4,0.482992436215449,1,0.03800137091088417,degraded,1.6420415746207335,0.5336160046276041,0.5052446624391476,0.5453387306947401,spoofing
122,link,0.19622006781551293,0.3474550442867571,7,0.04881389550495146,0,0.0023238432305604786,nominal,0.11386884689790959,-0.010390243116416502,0.9171729576907038,0.18743515883682074,benign
123,link,1.0919247723768475,0.6686745244314117,5,0.014806947422727465,0,0.008039585075525203,nominal,0.06869049838892168,0.05030757962744212,0.8552339115641799,0.21209294623671485,benign
124,link,1.2398937214920878,0.4652226716821664,9,0.14282510450179137,0,0.000827154615243535,nominal,0.11708644573702173,0.03315199034926407,0.8508462767497391,0.2626533679657848,benign
125,ground,1.2052379219472282,0.2889225965815025,5,0.02239807944005945,0,0.0010536492225085648,lost,0.029771787146517917,0.021670047298410655,0.8104710040374945,0.23027028855537546,benign
126,space,0.5844150570976676,0.7834087641895234,5,0.11112567906850339,0,0.008697631766817107,nominal,0.07062510925141285,0.043131778008240654,0.9158350510749445,0.025602400945297452,benign
127,space,1.9823475239844544,0.5081838350791442,2,0.025783078515814444,0,0.002675926767279715,nominal,0.089098206090089,-0.0027761700051979962,0.8808579494509738,0.15928130352362815,benign
128,space,1.0112329464060232,0.609423823035042,6,0.07314646557766191,1,0.006775422674589532,nominal,0.10961173820976156,0.06961706898274951,0.9035921055425158,0.10442867795048642,benign
129,ground,0.6288852399041828,0.7055355349602064,5,0.10186490162163601,0,0.006755800919502598,nominal,0.0690032906297552,0.09814755167862438,0.811943297794178,0.20149268446380894,benign
130,space,2.0632177944866044,0.5865953365455463,8,0.1430534472716811,0,0.006445911747423436,nominal,0.10303044178374665,0.07486366874428717,0.9077626018079238,0.018188677819940456,benign
131,link,8.202373623930196,3.9109198838521957,4,0.2557599984022974,0,0.1936901181585156,nominal,2.686424237338265,0.3576042847549855,0.02998741719580724,0.9061897984310943,uplink_jamming
132,space,0.8666738353827926,0.8233140988234833,6,0.14346424419777604,1,0.0010889331398103907,nominal,1.7137066680768407,0.5535141435455321,0.21302463387117496,0.8189866943365436,ground_segment_compromise
133,link,1.3796939696545785,0.7099968585142766,9,0.02521775995323603,0,0.007730890416974662,lost,0.10301609572664862,0.023534579537897903,0.9616550879111876,0.07614632344700846,benign
134,space,0.6019146476531276,0.5677987370618492,5,0.02341445169053438,0,0.0028888493890916567,nominal,0.1075202719088082,0.07383917712234234,0.8502002766524601,0.16922220865005533,benign
135,space,0.7038667345874423,0.5028546135672868,1,0.012096791922890041,0,0.002208527829630089,nominal,0.10529472265576172,0.06168825960944969,0.8873228379537532,0.17402665040083637,benign
136,link,0.891023973365677,0.27786956075006275,7,0.0192915291059142,0,0.009037575717751422,degraded,0.10431776577501854,0.06354319424131576,0.8920004791161598,0.028515913659807834,benign
137,ground,0.8173185046136344,0.7074094577479859,15,0.3082512530963271,0,0.01309301373731909,nominal,0.7208158083714489,0.426848659610367,0.1823655073530164,0.53824999727041,unauthorized_command
138,ground,0.4884022443408528,0.7213980825957005,7,0.02517581717136205,0,0.006406355928025865,nominal,0.13526826051142254,0.034977478861471095,0.9084942006925313,0.04488043485808576,benign
139,ground,0.5847777967217174,0.6045028210531516,3,0.035901845856308526,0,0.007806317174255572,nominal,0.05009696863427936,0.08991334979567929,0.8738561540431082,0.27987745877090164,benign
140,ground,2.5549592780026806,0.6632145686787696,12,0.39735169256046965,0,0.013891908545065708,degraded,1.3888940956635394,0.6058207046943908,0.33724367664154264,0.9682544002651114,unauthorized_command
141,ground,1.4687800611023825,0.01298726204543521,2,0.0729008926509933,0,0.009065722106721628,nominal,0.1065859944767158,0.03202278786082814,0.9002175760524395,0.21185795488900758,benign
142,ground,0.9096197551022198,0.11033054811454568,10,0.003389864249012835,0,0.001184923587684006,nominal,0.0908404327141439,0.023090303274955558,0.8325630099353728,0.05607433218253849,benign
143,space,1.3410297542884004,0.7499561402807213,4,0.039786276952267954,0,0.0033404996566876923,nominal,0.09220509110316663,0.039034254070187985,0.9888897165388607,0.19252031918956744,benign
144,ground,11.342961202013836,5.661422784083347,4,0.3292348140137838,0,0.14016540434364927,nominal,1.3311452880411005,0.5239330800397481,0.3493099380555538,0.5226643443697281,uplink_jamming
145,ground,0.9582810151048196,0.21007095606029397,5,0.1485188039398694,0,0.002685337560676073,nominal,0.08641724448369734,0.02400837526144805,0.803022136842895,0.28950461083634155,benign
146,link,1.4148662089395874,0.6712901360030318,1,0.006649883603410053,0,0.005257562195591349,nominal,0.035198818987430394,0.06014162517519098,0.9878114191934374,0.0020046387671663335,benign
147,link,3.1420558115939996,0.8497355676093761,8,0.5170571309248352,1,0.02542454051462592,nominal,2.1751708896141984,0.5297856094206022,0.4903513868200927,0.7076358365570656,spoofing
148,ground,1.7841198794598256,0.7580736244389341,5,0.016781528607082215,0,0.002420220799808772,nominal,0.05647414470761555,0.0841002829441406,0.9213463449434873,0.20186150057942392,benign
149,ground,0.8495983438915355,0.5999370220605867,6,0.020799482398298527,0,0.009327105081327614,degraded,0.014110295209586954,0.05569737286980835,0.8736897839833158,0.2686038267459508,benign
150,ground,7.322788400553502,5.692918623031611,5,0.38543892301234367,0,0.15581912454252295,nominal,1.9930811269528814,0.4310272225935826,0.5562663773150563,0.4632359308646832,uplink_jamming
151,link,3.7372913165470525,0.9524149968846035,8,0.1896604871017524,0,0.014475224661964953,nominal,1.7536252236100238,0.5569414266901035,0.4855946389711574,0.8718146398368889,spoofing
152,space,9.540400738849613,4.148593565739686,9,0.10425571292167236,1,0.1330056784624658,nominal,2.4879083596723546,0.5918454443942414,0.30896000994795564,0.49681768063323023,uplink_jamming
153,space,1.2863040539570498,0.5697380903514492,4,0.01110233315101175,0,0.001214953910877654,nominal,0.05504444507863864,0.055170438294392464,0.8829471653934943,0.22615952215107749,benign
154,ground,1.0191167176081188,0.32634145362472666,14,0.46722314148842603,1,0.01000225504153254,nominal,2.0428435807016796,0.4104653677636976,0.41524418821462133,0.5237512683016916,unauthorized_command
155,space,0.7959495804198897,0.6074631315088408,9,0.07332180473417145,0,0.00857308902360841,nominal,0.11331418652243153,0.013825059687154959,0.9021123590818676,0.246179627302976,benign
156,ground,0.9077076683773423,0.3603608933816782,4,0.043651079165049206,0,0.008035376594626034,nominal,0.11056418461397365,0.012468945879162523,0.8440222651809507,0.10515616028584854,benign
157,ground,1.309855722983068,0.2094408208223308,7,0.007703823599796647,0,0.00045319278960894604,degraded,0.17177178929196762,0.005812967883533124,0.9042146381016776,0.10506089732721909,benign
158,space,11.337299720321184,4.081991237778196,4,0.046735308337617056,0,0.10799302589507515,nominal,1.603437327416425,0.606081368625539,0.2489827292400469,0.8276666057300985,uplink_jamming
159,ground,1.5169625715427788,0.5570689680886504,6,0.10412063220480774,0,0.008686396398234257,nominal,-0.00831904217078891,0.033739757565592554,0.9057448838196872,0.2477753121948091,benign
160,link,1.366994613709283,0.19481405624548082,5,0.019978574998436846,1,0.006619689447938686,nominal,0.08336813408245206,0.05983084241754619,0.9114674339146016,0.011693796198339124,benign
161,link,10.135981815162333,3.5687772440331256,10,0.7391384915146716,0,0.16043433237928253,nominal,1.9045912972728274,0.496312043865621,0.04813334787342844,0.5873178209305622,uplink_jamming
162,ground,1.667451623921722,0.6259499756797349,11,0.011195596273015593,0,0.0003893801668766561,degraded,0.10795794726660529,0.02058389836653466,0.9991262218997767,0.2943353723603807,benign
163,space,10.282338597383083,5.006510436800896,6,0.23394029571938593,0,0.19238010397713373,nominal,2.1774841273788326,0.36791762261210426,0.5692466370898266,0.43636294462894587,uplink_jamming
164,space,14.472567301591972,5.846518091727337,6,0.20026525779840648,1,0.1704216402236751,nominal,2.7865098626074283,0.49260524343916073,0.05073922685834271,0.7641081733240835,uplink_jamming
165,link,0.7741702619201887,0.5857581279877448,11,0.19201992896944792,0,0.017721868706264163,nominal,2.0373881339609845,0.4817579002847583,0.04020992265072598,0.9852058800874424,unauthorized_command
166,link,0.7576856179980178,0.4588281138239319,11,0.19222665959448967,1,0.0014206977808800425,lost,1.8575622533151646,0.49382358001398713,0.16702108899759396,0.878975918325512,unauthorized_command
167,space,1.239720759043032,0.4236951721616855,4,0.023804563030725114,0,0.003553197484738877,nominal,0.09842804148126119,0.033031427316183706,0.8604839022557074,0.16902250934515622,benign
168,space,0.647222954110875,0.701600389449009,20,0.24090963841527338,0,0.006233796570300829,nominal,1.7300061821371548,0.3908024525333845,0.32834251225238587,0.9950637285875497,unauthorized_command
169,link,12.447706397147456,5.136821829671294,6,0.13911377595531893,0,0.1984176696447585,nominal,2.781444384254099,0.4726006918170696,0.07560121671839656,0.5178515295232105,uplink_jamming
170,space,1.047154289464483,0.8454965476061975,7,0.17472668392205196,0,0.008696060824747774,nominal,2.780474899549534,0.7035032701365911,0.22270170961171884,0.8713858621174764,ground_segment_compromise
171,link,1.0580865420382748,0.33102030931790527,4,0.11354092113704606,0,0.008451208514960349,nominal,0.05566595388582714,0.060696346726918204,0.9500531527877685,0.04561457022734754,benign
172,ground,1.614490251244531,0.30004943978237364,5,0.08284308859412536,0,0.009485029432181947,nominal,0.10399882473890354,0.08223581182624792,0.9408166542642679,0.280551626017948,benign
173,link,0.7003167530798404,0.2779992856228146,5,0.030480585581221752,1,0.005105807574595599,degraded,0.0890672794252048,0.01893735893262341,0.8099228746677676,0.21737948605428867,benign
174,space,0.8492513182395631,0.5449697632091277,2,0.04592650730245014,0,0.006107707306850387,nominal,0.11010104684950037,0.054298803398778656,0.9854710361172594,0.10976574286706413,benign
175,space,1.7669274705160873,0.5275689009761567,3,0.10563043002436906,0,0.002344256000115147,degraded,0.026888763015507897,0.05662683293558682,0.8554929359449909,0.08448481263168951,benign
176,link,1.2667004256187808,0.6752093585059589,3,0.37943233058645676,1,0.009901088460868658,degraded,1.766752310385901,0.5640479795200823,0.03708507641353358,0.45541631686682715,ground_segment_compromise
177,ground,0.9047484470010944,0.4889603531425247,9,0.0003151013834059215,0,0.005015179603501664,nominal,0.014630775872800664,0.01892832913170386,0.9769173776459228,0.26866885443955163,benign
178,ground,0.9277657923501034,0.3105906684318942,6,0.2991898589183367,0,0.0072971190649742225,nominal,1.0972213692914923,0.6373807827427105,0.21307898865228753,0.4271495134113327,payload_data_manipulation
179,ground,1.9547093261467468,0.6619778643322234,2,0.08390447707810925,0,0.00898386466584035,nominal,0.10466861871383257,0.08032788110507146,0.8064886892094374,0.19761529161810665,benign
180,ground,1.3010591601962418,0.1511338561443485,6,0.0024181137166900775,0,0.009383157286513162,nominal,0.1278276562266879,0.023290368618002176,0.8505716236500223,0.17328952630332678,benign
181,space,0.7558041345914839,0.5840235996503946,6,0.005524621448409376,0,0.0005178588873281687,degraded,0.12181675942077543,0.039333905331442584,0.8841522403531852,0.18050464920548884,benign
182,link,1.1128490689057615,0.5907017425108935,4,0.12032868183057308,0,0.009711509073682859,nominal,2.2437069634524214,0.2814703152665094,0.5001864062851034,0.8888026028259935,payload_data_manipulation
183,space,12.287673452840782,4.935938961466111,4,0.3929663086228432,0,0.1625042618213287,degraded,1.7309204993966358,0.47152330224628036,0.5812047633446142,0.5574057800685674,uplink_jamming
184,link,0.6842576336573494,0.7740819387967732,8,0.0651712726761913,0,0.004032106331838228,degraded,0.09070771239036264,0.056199979663311105,0.9688424650572286,0.14520617175282122,benign
185,space,1.168966860317331,0.4499202705259828,5,0.09459933685703623,0,0.00559405425727357,lost,0.1643282411085305,0.03332399996728811,0.956037853696599,0.2992868466754156,benign
186,link,2.0911782505963505,0.588700344116905,4,0.034871287550482716,0,0.0022267607912308494,nominal,0.09028654340107403,0.03488416999683275,0.8200491127445754,0.004977744189779365,benign
187,link,11.272474750757851,4.489304730245838,3,0.34915562834454406,0,0.1922377306685119,nominal,1.4504685897141756,0.41879150680564353,0.41862978453197575,0.6184676650062997,uplink_jamming
188,link,1.4757748852870214,0.29576750848794,4,0.09425994158188082,0,0.0027149200254271135,nominal,0.13275203068908947,0.010290779591644754,0.9741376910914878,0.02505747440400563,benign
189,link,0.6949885112508221,0.572636459658254,5,0.0987347621243588,0,0.00727529230225095,nominal,0.04777128900716422,0.015263671829119488,0.8251131157274503,0.05138848734650111,benign
190,link,0.5271269696516094,0.6216492383369937,12,0.17481285408935215,1,0.012830089625125034,nominal,2.4876562292389894,0.5515628088443957,0.4038552785467302,0.8946102683496097,unauthorized_command
191,ground,1.7007145011330373,0.2716656356521219,6,0.04594609049937434,0,0.002706439419817657,degraded,0.1356161079790081,0.019299195049352808,0.8660569335004169,0.16926954500536082,benign
192,link,0.05999498304611817,0.16599890512502163,9,0.20093486412465217,1,0.002583488904862208,nominal,1.1686868388743226,0.6177206798052249,0.47487812453371137,0.761481898422073,unauthorized_command
193,ground,1.3186768414376977,0.4093788264038575,7,0.04699035174911304,0,0.006764837495206045,nominal,0.05958907956066818,0.06419858258401054,0.8119886601722617,0.03929212289825222,benign
194,link,8.306298067749271,6.249618905296667,3,0.26420750985803015,0,0.1217792554879284,nominal,1.3597722144987667,0.518947982122108,0.17755921766196966,0.798294684911635,uplink_jamming
195,space,0.4162498203264867,0.5643101026094951,6,0.32669857072489566,0,0.0002468415722458461,degraded,2.1868842140467475,0.6101956697397424,0.34871725423257394,0.552181333308423,ground_segment_compromise
196,ground,2.197797715763799,0.8873869133220736,4,0.31797448725141664,0,0.027694661324096752,lost,2.3413180417843527,0.4685336382653219,0.3869417431754136,0.5729509463004211,spoofing
197,ground,0.5418629497181375,0.7710885602210992,2,0.12324292197462852,0,0.0025448133161826026,nominal,0.23829898072196337,0.07836480709515128,0.8777452695753094,0.07208973703511003,benign
198,ground,0.20559076233988938,0.3408620474009447,7,0.059170828104033624,0,0.0006581176069057648,nominal,0.06054291858036989,0.05691226832770738,0.914528570623117,0.0770230488929274,benign
199,ground,1.3725152814564,0.7878891430306272,14,0.18088194362521215,1,0.0037327987959536514,nominal,3.277343162951058,0.43578053474657286,0.32482465254446297,0.45161929421976593,unauthorized_command
200,ground,0.6246489864818507,0.4910479384775653,6,0.008354763188886248,0,0.00048092310412035434,lost,0.12055910797921447,0.03601363584344676,0.9883153705467868,0.1589141898325103,benign
201,space,4.162458286592306,0.845512222203793,7,0.29356547784110276,1,0.0486619006620833,lost,1.7392571773221162,0.4022019789457475,0.06848398158577926,0.9646289560230262,spoofing
202,link,0.9991341508871965,0.1412215004264219,14,0.07573647598485599,0,0.013193805458609487,degraded,2.0655325931079243,0.6450927548279212,0.24087706745342594,0.6028506456197569,unauthorized_command
203,space,1.9035983218189427,0.5217042552144713,2,0.005774654546105318,0,0.006981984306764998,nominal,0.1136257912910455,0.012804408940581838,0.9356783771006026,0.17783128226105543,benign
204,space,0.8891557100004664,0.2701256779568254,5,0.02532504918324742,0,0.005956798241615296,nominal,0.12167527499734213,0.06119154123020934,0.8080571037555997,0.12162684754174648,benign
205,ground,0.593234825316882,0.5797390367244476,2,0.014415821543839127,0,0.00617931559846298,lost,0.08515515743397478,0.0513772402923014,0.8232917860963426,0.03812887206553177,benign
206,link,0.8532972420789775,0.21011605416451634,10,0.09123467407750446,0,0.0004836271104878087,nominal,0.1444518561139946,0.024233847650729248,0.8119174194706288,0.18130779591443133,benign
207,ground,3.2927154821418534,0.822247130436121,2,0.31147516511345225,0,0.027673348192078187,nominal,1.719696181576345,0.6088769654216672,0.08719601545230246,0.7034180462688244,spoofing
208,space,0.811849637537502,0.5400479146922958,7,0.019948900492931666,0,0.002018418353637581,nominal,0.13566099101979934,0.04841876032683449,0.996806302855826,0.2389453167988742,benign
209,link,3.3191602900919905,1.0393062286236094,3,0.3038482427240754,0,0.015702262201324625,nominal,2.0551948195538485,0.5507420927833289,0.43719377054196157,0.5892182459596705,spoofing
210,space,1.0690658532013604,0.39445235519437466,5,0.055664887722806734,0,0.0020778342096169143,nominal,0.14538091384001037,0.04845277304761662,0.9261434888983858,0.22190486932893244,benign
211,link,13.516835714758251,4.395337932504784,3,0.3570267858631889,0,0.1597343179341701,nominal,2.3921498848613076,0.6138734774273606,0.03550624311812509,0.7796815663969041,uplink_jamming
212,space,4.970258448634137,1.4104295445291437,5,0.20118477055615502,1,0.02935210159442589,nominal,2.1693491844195925,0.6204674439993705,0.3383357526332414,0.5566974595065162,spoofing
213,space,8.751802575348579,5.06092909384936,4,0.12099107257839317,1,0.06957568394561597,nominal,1.1319521207007504,0.47287948067392743,0.06280558232132001,0.47715789157633154,uplink_jamming
214,space,0.6943386103904461,0.6705191606590206,3,0.06062617796392853,0,0.004073655242128323,nominal,0.16265444586510383,0.05783341231230543,0.8859346726710297,0.22495797938648063,benign
215,space,0.8082694771211734,0.4193264653307021,4,0.17853068390895518,0,0.00790691101900168,nominal,1.8728759342936332,0.5041368543998891,0.2162252954179024,0.7629036576175487,payload_data_manipulation
216,space,0.48516688586027823,0.3183007216213445,6,0.06903427085882145,0,0.003327808689607955,nominal,0.08421088117799148,0.013735334279939095,0.9823451753825552,0.012086683720362633,benign
217,link,0.4706947047354004,0.6119400944822845,8,0.011170781978466429,0,0.003033855436291332,nominal,0.19488835083729886,0.03104214565462028,0.949042948538167,0.06966740727040294,benign
218,ground,1.2421287832971508,0.6067492207483146,4,0.07733219760765117,0,0.0032373082561042367,nominal,0.12315676371205053,0.04281022419592761,0.9091847066618001,0.27786156056530353,benign
219,link,2.251898113634387,0.588954761566319,17,0.1391599243276756,0,0.018900481291611374,degraded,3.106265519698621,0.5373348559711398,0.08238001962934213,0.9714320514392347,unauthorized_command
220,ground,1.1561891052332858,0.6633735939064525,6,0.06617497570730604,0,0.0013168690343620703,degraded,0.04402269358084157,0.042129402880605425,0.967288438493974,0.1646728894920215,benign
221,space,0.5699036522887508,0.9589537183095569,8,0.004931556475549537,0,0.008287089838180065,nominal,0.08886396496116965,0.07130343931428773,0.8541118512975983,0.07463753662175311,benign
222,space,1.7263083727430897,0.5120273955936584,3,0.3553577041739746,1,0.009954741523468143,nominal,1.817450888629668,0.47805194467856715,0.037877945524779875,0.6380530338733176,payload_data_manipulation
223,space,0.5068366180374712,0.1893144403066414,6,0.04670409324669375,0,0.004221922338806781,nominal,0.13965878441093388,0.04755885735757446,0.8690033679849133,0.016419812077495766,benign
224,space,1.0644670956239075,0.31094946838450455,8,0.013517037602498061,0,0.005129793498209074,degraded,0.088841441426329,0.0556608964027296,0.8216057914983159,0.06979099151603248,benign
225,space,3.168928991370854,0.8278209976097927,4,0.39904687653700427,0,0.02776733627513466,nominal,1.9888605104081434,0.418698562773987,0.3230369875721746,0.9952813836871497,spoofing
226,ground,1.4116399578388528,0.7277817508148829,24,0.2692135691156497,0,0.006517626852315808,nominal,1.441797610024984,0.41012327754726013,0.5864977549253358,0.8847193874103887,unauthorized_command
227,link,0.9970509793278373,0.6831016002082775,4,0.11204416962675251,0,0.022816051445608596,nominal,2.651639018658032,0.5586165800392784,0.1012860034707385,0.9123657292851117,spoofing
228,space,0.7937930908917599,0.4316824156982544,10,0.082577949303926,0,0.008029813013091039,degraded,0.060381555259784475,0.056781089022659575,0.8802995221129752,0.2379385613889169,benign
229,space,0.9329221789538679,0.5824218322040573,5,0.1322591307953997,0,0.00043100108948324056,nominal,0.07172443558911769,0.04239185485178308,0.9876128279136263,0.27529418337133005,benign
230,ground,0.8345109131931971,0.459495154587034,17,0.11984585508748805,1,0.006274062495143125,degraded,2.189883818020448,0.43856768559037057,0.17993855579672172,0.7856770423037855,unauthorized_command
231,space,8.58042201553293,5.801514318877009,5,0.3978208481122955,0,0.07897400126126491,nominal,1.630683903179098,0.42981658370115583,0.12128963953516245,0.7272942042969015,uplink_jamming
232,space,0.8813594094548369,0.2877412936577036,7,0.03780284022515639,0,0.0030767908947794856,nominal,0.08768789390256414,0.0619140450035103,0.8744164509925793,0.2279470975285165,benign
233,link,1.8357914753721989,0.8519394384668623,4,0.042102051891187826,0,0.0005451192743782629,nominal,0.14394411670378227,0.013784047988807314,0.8861716550764541,0.09365756513591639,benign
234,space,3.483063359261324,1.3580934596719683,5,0.2269437649337821,0,0.04763969290297749,degraded,2.9699941957381677,0.386453330418983,0.4496216619869741,0.7274175812878155,spoofing
235,ground,1.2439527225370932,0.48472736013587314,9,0.03750769432393865,0,0.001061255854909955,nominal,0.09847798342486168,0.047951564679660406,0.8667321781267385,0.11630854645170202,benign
236,link,1.3357655858645268,0.8056062718775665,5,0.11142528625734055,0,0.007312505893473751,nominal,0.06137156256218797,0.03806051426557852,0.9709094786404361,0.10200131581796763,benign
237,ground,-0.195152183734719,0.7749597829126331,19,0.10914638392729004,0,0.005482407276384014,nominal,1.0828043468597084,0.5410429753194502,0.44324610576955814,0.5837607322027688,unauthorized_command
238,link,1.097837031615489,0.16210853233696104,5,0.008776192514978147,0,0.0005282668636472199,lost,0.1038491570703577,0.052481454514389875,0.9183433937784801,0.05760701074090336,benign
239,ground,8.910955682611359,3.5151121017561127,5,0.4376474126382598,1,0.09194544777398095,nominal,1.2425378623149737,0.4198933009600176,0.4348177525570947,0.901849357947914,uplink_jamming
240,link,1.821689077902267,0.5721295782871589,15,0.43532932586768275,1,0.009700359750480825,nominal,1.7558630787742278,0.5633326826071239,0.11697496289917832,0.7029468707500836,unauthorized_command
241,link,4.177544724769586,0.9362264116034296,3,0.034786074503641906,0,0.020496335059572077,nominal,2.1087082878433567,0.46733765109144326,0.5797645786489115,0.9820446740000242,spoofing
242,ground,1.5998210163919735,0.5118588454144193,12,0.19526333363024406,1,0.013703490265555611,nominal,2.091530110186435,0.37308999452969205,0.09875956421974483,0.4383278604585417,unauthorized_command
243,ground,1.350350306060292,1.0629308888945106,2,0.04268919455962873,0,0.0009957971354002892,degraded,0.07299484532006077,0.05441617015776183,0.9532694426209305,0.12192496097220559,benign
244,space,0.49488879894407245,0.3049239529661325,20,0.617226998349392,1,0.006324302451266602,nominal,1.6104410148186599,0.37646369733275475,0.4174769801644473,0.9665253030076646,unauthorized_command
245,space,0.7303929920968774,0.4223306123397683,3,0.1383614260736639,1,0.002035348738868964,nominal,1.8878405145609476,0.5859584872343556,0.2327836526387318,0.8977394988570211,ground_segment_compromise
246,link,1.0399007420293664,0.3744213324433421,3,0.0948063819069373,0,0.0081306279721412,nominal,0.0568482546458505,0.017541339946375238,0.8484514315169536,0.06104639836659376,benign
247,ground,1.6060793442751655,0.40137102884917025,6,0.05402368871577694,1,0.004345309633044954,nominal,1.8786506260873592,0.3109989828817057,0.10081203131560713,0.6128783737938333,ground_segment_compromise
248,ground,1.8981619632423423,0.6593964365427238,3,0.041753537033903866,0,0.00016660471244215992,degraded,0.09665200483514302,0.08324153482029337,0.8621430656622895,0.15434688069361163,benign
249,space,1.0263877581489114,0.7676050805257701,14,0.40624043438870705,0,0.017287325329119467,degraded,1.9827391000843444,0.47501901003157543,0.49587876569530975,0.7346132147112716,unauthorized_command
250,space,1.159398345579467,0.7489059821353286,6,0.003955969850188724,0,0.006508332215614849,nominal,0.09910178557714219,0.04590757424147309,0.8658461230682789,0.01574451302991827,benign
251,link,1.1391743173223348,0.3981573274801731,2,0.07186223218763077,0,0.00281825003295472,degraded,0.04460291645425021,0.046801679543291196,0.9071084946195597,0.14309501778529612,benign
252,link,1.468252058365244,0.48678900022050453,2,0.028440310547477123,0,0.009453716496147778,lost,-0.00042418580717502874,0.0436542286867235,0.9904287834152703,0.24709367842592725,benign
253,space,2.2062134759810306,1.0448068604397356,4,0.20608497349733423,1,0.01618083319962076,nominal,2.022745738165376,0.5558336423211705,0.00851798068303422,0.5545791992581175,spoofing
254,ground,1.9941669967902982,0.9560998612955216,6,0.053710861408522645,0,0.004056452594472375,degraded,0.1004278040412175,0.037782847203898684,0.8769031627412534,0.10408768511327575,benign
255,ground,1.2522416281915085,0.5354758341828936,5,0.017157859659144202,0,0.007966448690151381,nominal,0.14860454093782305,0.07606866883031474,0.9745039903658725,0.07324426815207216,benign
256,ground,0.6214365765919749,0.4524577915708242,6,0.10429039173249473,0,0.0045790029512707145,degraded,0.12467801021671458,0.027575125198112168,0.9472946349238146,0.015497207134392309,benign
257,space,1.4647049923954079,0.4805737781684726,5,0.25311857970070883,0,0.0032073358231157123,nominal,0.13799613715237358,0.08058608388973772,0.8177156679273289,0.20306168274827294,benign
258,link,0.6398661407947315,0.1945802170034261,6,0.03814970593316264,0,0.006871899964686766,lost,0.0592763942777459,0.03014888772472241,0.9520656442808275,0.21672341533906336,benign
259,space,1.467016879986168,0.5587297547726141,3,0.01576848120269372,0,0.009546663568790689,nominal,0.10508426977236489,0.05211307650052123,0.8719351122446136,0.20617030303820486,benign
260,ground,0.6909516885258062,0.3953885519922828,7,0.0043623315619308834,0,0.008662328702676704,nominal,0.22494336930828934,0.08628018362149967,0.8004153035200163,0.07821263223985565,benign
261,link,0.0996498411115826,0.8896685289579627,2,0.01488989135996212,0,0.005187478471147095,degraded,0.042313360463785726,0.033097427783468,0.8927970834880762,0.039985277424651945,benign
262,ground,1.4630341229139554,0.200437308691914,4,0.11037229282114022,0,0.003018000558611551,nominal,1.0517888119701637,0.49924171120789584,0.15906795024908926,0.6592063353582176,payload_data_manipulation
263,ground,1.0393888639331668,0.7107841822812907,5,0.2061700110820898,0,0.004672609960075026,nominal,2.5611017838488577,0.5369773437115056,0.42621090042739934,0.46750187831597906,ground_segment_compromise
264,space,2.7617289621937484,0.627687363638908,5,0.09223543556822233,0,0.02856001712785705,degraded,2.019672921228153,0.6049049606854338,0.3235146477081798,0.5530560596994276,spoofing
265,ground,2.8847757674478025,0.8845171334769757,4,0.24092209366161993,1,0.04305561246402221,nominal,1.9659304431063218,0.5230101173469863,0.2867204129478815,0.6131703845421536,spoofing
266,space,9.32124598740378,4.85206069809241,2,0.41028658360609255,0,0.1014577598779476,nominal,2.1951103921592394,0.5608584645350179,0.30062414219076206,0.7436563197730521,uplink_jamming
267,space,1.1554290953974058,0.18426495961940215,4,0.1314231758497225,0,0.0019249315063582706,degraded,0.06193223650955297,0.05961489159535968,0.8373180193746336,0.05646965993071368,benign
268,link,1.7483552037229906,0.30691609805688935,4,0.22110116244920325,0,0.005254451263621796,lost,0.13531290184551512,0.039998970980508954,0.9431241433943571,0.2060824305010531,benign
269,link,1.4250396662087765,0.5835361504478801,16,0.4071664540786493,0,0.019254651677222782,nominal,1.7694151339826905,0.575656467491314,0.3842683643959517,0.5884972383021833,unauthorized_command
270,space,1.260243922387116,0.3364143980624786,4,0.15488596546361452,0,0.001758902834186621,nominal,1.705333884286319,0.45413613638989153,0.4100576490943623,0.75621077194524,ground_segment_compromise
271,ground,2.841326494520748,1.3757101289982325,5,0.49048331732752776,0,0.02035846420099901,lost,2.4172463603523004,0.31614668775102617,0.30887054095988065,0.7079563027422653,spoofing
272,ground,0.42822027011724983,0.6083291375701185,8,0.015671794533919647,0,0.0009761003810899161,nominal,0.07245090982308752,0.06001663182008424,0.9348587147400049,0.2939866342074835,benign
273,ground,0.5607630993289701,0.4331695237091335,5,0.3633962183158435,0,0.002236126197926648,nominal,1.5441617695990582,0.5637169070701503,0.2844457584647146,0.9254110765516635,ground_segment_compromise
274,space,0.3308966722478104,0.3082047512931104,2,0.006592995940377075,0,0.007193881555748203,nominal,0.04649042185528342,0.08438081225683641,0.9192087190955295,0.032235165788672436,benign
275,link,1.8654257729349868,0.33300992634246446,5,0.08766194316875912,0,0.002367975854561801,lost,0.10561905948983476,0.04180631621563944,0.879886455806171,0.12567876718122567,benign
276,ground,0.8796809728149644,0.4322631351802806,7,0.010003898812373225,0,0.0005662555737755803,nominal,0.09015046758928424,0.037784361098282586,0.9069598932562385,0.2988673479133916,benign
277,link,0.43241908548404584,0.17875244650506877,6,0.05426085331019892,0,0.008910216829672116,degraded,0.013673949406828478,0.06790078361277513,0.9918168484564807,0.05770390894617452,benign
278,ground,3.2858234904039874,0.8308952013005065,2,0.32819604514167944,0,0.010344760103671212,nominal,1.947090621251151,0.4112670541144229,0.48788520268903524,0.7530587442720713,spoofing
279,space,1.3858980886178305,0.5260653483489923,3,0.06762332648611194,0,0.0059763243986890036,nominal,0.10347695544465543,0.08803271541663937,0.888300784656235,0.03920178912397871,benign
280,link,1.8742879570292668,0.4218536171183623,5,0.08879083883068706,0,0.005862354987807616,degraded,0.12783679194179678,0.03400740351665922,0.9245908088366763,0.13406225856013168,benign
281,ground,2.7522861574970463,1.3503794988861721,3,0.1582377973176535,0,0.047343218240267576,nominal,1.2844018887106863,0.5468243298071535,0.0029210445933019356,0.6476069490274896,spoofing
282,space,0.9899116741493649,0.7942069381634208,3,0.01571327778994891,0,0.006847251638810046,nominal,0.09586424880517534,0.05486183455321398,0.8677013758850947,0.002127543832311296,benign
283,ground,10.62299213737689,4.114337738343769,4,0.18219316946637007,0,0.18485359739742263,nominal,1.42792542779147,0.4362205094883471,0.48822616245438477,0.5302619376819342,uplink_jamming
284,ground,1.0406392110280993,0.49242138365663385,4,0.13997377127962288,0,0.0004986014639916425,degraded,0.08632495091000175,0.009339985286599052,0.8997935888441586,0.021663955600556385,benign
285,link,14.224699418971507,4.352209955246803,4,0.09934459778456835,1,0.17288513181536305,degraded,2.7335813348256313,0.5289520209316353,0.5606521301055082,0.5239206423832039,uplink_jamming
286,space,2.0991450935668166,1.5996615207819143,4,0.6205506887979642,0,0.01357892491241549,nominal,2.1474857278544106,0.43345777018705395,0.3835210976339759,0.541409520745531,spoofing
287,link,3.7219034854381414,1.0783530420923528,4,0.3517831902948533,0,0.015084419634680959,nominal,2.0096906188490125,0.49757671661303077,0.2831415063387138,0.6941874936458969,spoofing
288,ground,1.6012256239915361,0.635964069165794,16,0.2640671037591099,0,0.014521226521249488,nominal,1.8446965425502133,0.5664543542553216,0.5263858417158214,0.5742171312200086,unauthorized_command
289,ground,0.49253865417082876,0.4801599294136887,5,0.024758970492907397,0,0.00258226813259983,nominal,0.0305561495183493,0.05600113651022579,0.9483990782252345,0.015683730980627884,benign
290,link,1.2294456981809494,0.40950388800271964,11,0.5044832620154587,1,0.008577687787894204,nominal,2.786706073762923,0.5558136723026449,0.19291980530300448,0.42079042588841026,unauthorized_command
291,space,1.4343862502953855,0.2627327145780291,1,0.25154671311487004,0,0.000520237550294469,degraded,0.13098693923514343,0.04063007773279369,0.8751942443858278,0.2268930290940882,benign
292,link,0.6206173710323125,0.8019247919931356,6,0.05135764621287968,1,0.006993847409873672,nominal,0.1259531111802463,0.030450507261225286,0.834679213241224,0.2174360924875158,benign
293,ground,1.4353733222942016,0.689762619294324,4,0.015776796816181944,0,0.0013605623443164294,nominal,0.1073467649193344,0.03955736859960016,0.810901855482744,0.250931921212837,benign
294,link,1.092272651169673,0.6969110581928345,5,0.0009487010244155355,0,0.003316578441770175,nominal,0.08779300418453348,0.04957146892546872,0.99996984889728,0.0006552428571746316,benign
295,space,9.943184275413671,5.053540630615501,10,0.19772774828167342,0,0.08940046029957269,lost,2.4135801559326056,0.38270161485346066,0.4856217266621674,0.6275700350365268,uplink_jamming
296,space,0.13266803923350468,0.7664152385433548,9,0.05906445359697766,0,0.009113418162164088,nominal,0.04309708406723665,0.05728959455692983,0.9594841107883328,0.2160334000544837,benign
297,ground,0.5118101757399603,0.2587173932081901,6,0.03728657808381604,0,0.001156056106115122,degraded,0.03177819638789035,0.04229259998698191,0.979902553019262,0.2822639719024454,benign
298,ground,11.761734661388155,7.205529568265414,6,0.40904553549510925,0,0.14790921856658362,nominal,1.3053506348945048,0.4948477071475354,0.08567138200073081,0.633660808046604,uplink_jamming
299,space,1.2515451843118734,0.2846048907338982,2,0.41568115969199154,0,0.006720525405053619,lost,1.9131890273576784,0.46691518714261776,0.21771949019706208,0.7606547004377817,ground_segment_compromise
300,space,1.0013305790632758,0.2604067141565477,22,0.42389517411138744,0,0.005550456098047852,nominal,2.034684901329035,0.29006437355809744,0.04888433862776513,0.5160035401672314,unauthorized_command
301,ground,1.341611507394404,0.42901075395860544,3,0.2183328727322458,0,0.009789195561198998,nominal,1.7610858113129655,0.5308758204311393,0.38125675242178314,0.8834583509759988,ground_segment_compromise
302,ground,0.6457043665308924,0.5114235681102349,15,0.3569143136623556,1,0.014194741696020405,nominal,2.0946016517371175,0.2528440091685739,0.3492868816888452,0.6140622942095507,unauthorized_command
303,ground,0.1621041082817497,0.5410136752009791,6,0.004833100236280415,0,0.0019269109469296796,nominal,0.13961742044718412,0.05588496625534113,0.9465754905767797,0.15250664626937768,benign
304,ground,0.5790031101191997,0.5265575630154129,8,0.20818359880853815,0,0.0041366552358320695,nominal,1.3917095979321452,0.3878469852574973,0.30725314601919834,0.9644141126339391,ground_segment_compromise
305,ground,0.8323779590659867,0.23178705733968624,6,0.03367765692866978,0,0.003855525014916693,nominal,0.14447706155845125,0.08087395521984828,0.912428950765517,0.16581116701366203,benign
306,ground,1.042694305067479,0.7061175481968575,5,0.013706785668788841,1,0.0025240171494215124,degraded,0.22661938001191717,0.049582074467905225,0.8124959522715642,0.21636734024967497,benign
307,link,1.352327043499671,0.570284954988397,7,0.028024749647607455,0,0.009481985067430674,lost,0.17055026036618084,0.0645542386774311,0.9499228568775547,0.2182689106296602,benign
308,space,14.430591061926762,5.645037855448997,5,0.2921796136846174,1,0.10754135605327378,nominal,1.5314414773806333,0.4349684320137907,0.04803804151737936,0.6846719079067141,uplink_jamming
309,ground,1.3051868498626424,0.5299195915037576,6,0.08495437490059855,0,0.008545154359107495,degraded,0.07776654661505476,0.038838272997266526,0.8423596299763005,0.237761930286401,benign
310,space,1.4630381168198694,0.6807371283585907,4,0.014754132723329108,0,0.0008001826975767934,lost,0.0999738738165986,0.051143772343837296,0.8672787446805819,0.15570650807356673,benign
311,space,1.228234875714354,0.26646964357671477,3,0.35801817828941235,0,0.004420662131180751,nominal,2.7020829700501983,0.4007956439222866,0.3461616740069038,0.49290483678847297,ground_segment_compromise
312,space,0.7231524234322637,0.23968240343933372,0,0.006477705983464345,0,0.005621108826232295,nominal,0.12300271707232222,0.05453010704230577,0.8541367208603463,0.11114743111785427,benign
313,space,-0.44207721788116716,0.5168402016678744,4,0.0614193504412315,0,0.003396926184795871,nominal,0.2190571950440849,0.047577437481116334,0.9101380982941294,0.28333910636461135,benign
314,space,1.453743793110736,0.6448709022531359,3,0.005358287902231133,0,0.0030835212167619874,nominal,0.10153737915437494,0.00341116697754848,0.9450936336900326,0.033969366977737614,benign
315,link,0.816420740023068,0.463333131299843,7,0.05176942433412367,0,0.003456569355418593,degraded,0.02469372611555845,0.08200327277730123,0.8180992622191734,0.1492587948082358,benign
316,link,1.4132404351801382,0.46691987156929404,5,0.0028026193305418735,0,0.001980030303075535,nominal,0.156678664539451,0.03963327980251828,0.8776116948521915,0.23878952688018223,benign
317,ground,1.6480417245397176,0.40661154484923595,6,0.08890056519351626,0,0.0027914413322230446,lost,0.1261903681543877,0.0018857451424737631,0.859478666412398,0.20451745512370262,benign
318,link,1.3588827045624117,0.6354417042700367,8,0.023091410385358477,0,0.008032121232440933,degraded,0.1039786767471083,0.06517648832327219,0.9322932410647304,0.2709820866716742,benign
319,space,0.7847811536495116,0.4343708310346853,5,0.07642316579506779,0,0.00012577812486195384,nominal,0.1183324906073647,0.048335662595320156,0.8008212405794898,0.0033040075006822377,benign
320,space,1.574795344849313,0.7168396488087085,5,0.03808497268767022,0,0.0047710981769392615,nominal,0.11280853028471391,0.07386622011854252,0.9998414597886882,0.08605399369415999,benign
321,ground,2.1120223893441503,0.8275305016798242,5,0.04932736440013237,0,0.0052011541450239455,nominal,0.11918796448884628,0.028895530197519267,0.8852244741944971,0.16569644921228338,benign
322,space,1.1285692329040478,0.538811013276751,2,0.04469473250182476,0,0.004102928029439465,nominal,0.19289642804638418,0.07319227176850562,0.8730455852513764,0.16062400065344032,benign
323,space,1.1612232820210044,0.7555845456297605,2,0.15188653723581794,0,0.022658751362459942,degraded,2.2158158148187987,0.5739675468117834,0.2893351382023959,0.7121941757148315,spoofing
324,link,0.4666586483470685,0.5099972070713358,6,0.3901885287354176,0,0.009621958762779914,degraded,2.482489775243069,0.5862509957120261,0.30867146064092366,0.5985951685620419,ground_segment_compromise
325,ground,0.6502927299383563,0.5323397053409505,18,0.6203944682434342,0,0.004535172348010319,nominal,1.053618911204974,0.5311490858797789,0.2357034458888414,0.5077907307732051,unauthorized_command
326,space,1.1040275159120272,0.35537374039654834,5,0.07903581427537981,0,0.0034022299445125703,nominal,0.04769604920733737,0.030404761045120517,0.9019970158626994,0.13817476520839997,benign
327,link,0.8018948288594483,0.47884242488157697,7,0.6716784864516688,0,0.001116359293960616,degraded,1.5757916359191004,0.3764625092873114,0.45303624888970967,0.8033960859961848,payload_data_manipulation
328,link,1.7616133535894196,0.5639930382290326,4,0.026746159300386152,0,0.006155526231931792,nominal,0.0010397070379668388,0.04462167610604397,0.9532608142237801,0.14938457777467914,benign
329,link,0.9190950980750194,0.5024622314702718,6,0.10990108004505081,0,0.0007238939826431035,nominal,0.055081675603621816,0.01695806410656546,0.87501988106367,0.15268253430278586,benign
330,link,0.6557036733674313,0.22522217648228599,6,0.021496807482556283,0,0.0012646424540357114,lost,0.1351571271110002,0.060664146357986254,0.9542486148066356,0.011643884343540634,benign
331,space,1.147780300893373,0.5578044101210806,3,0.1519846445006015,0,0.003032081937596749,lost,0.060775196380523255,0.08598502091372391,0.9823153774526105,0.10368605067023685,benign
332,ground,11.717789593319747,3.3957510440801473,5,0.0799138374131698,1,0.15350387359109824,nominal,1.430952131129001,0.5750251445973931,0.18583994936760723,0.9152512153655104,uplink_jamming
333,ground,2.150296702415607,0.683308153060421,6,0.1421425540040836,0,0.03666835421585827,nominal,2.3244718031296356,0.6451254656954613,0.012204649129306588,0.5231122857428843,spoofing
334,space,0.6302927841986548,0.494156718829203,7,0.06074412654643337,0,0.0049044909673595,nominal,0.09986069446665494,0.03933819195968334,0.8309685363240455,0.05487687778862541,benign
335,ground,1.0034821117209687,0.3394383930102486,8,0.0007286751783458634,0,0.0018262513025310112,nominal,0.1770161989909943,0.034922757726180774,0.8713446338617813,0.17774489817047892,benign
336,link,1.1913267757387458,0.47058032956111595,18,0.06102513224647018,0,0.013282013422957819,nominal,2.240676998946705,0.4342419453514844,0.46372834647811084,0.6951206931503241,unauthorized_command
337,ground,3.3417914681189638,0.7670390966375887,5,0.2098629318009658,0,0.021125745617956434,nominal,2.1990473896766405,0.5351406668842283,0.15888979306699128,0.960155886220751,spoofing
338,link,2.5299285004112995,0.9328082990669334,5,0.13407871475745875,0,0.0362251764845727,nominal,1.5515691093746595,0.21047816881453146,0.3666140469251547,0.7745152437377623,spoofing
339,link,0.9897939283669357,0.4786941789611834,6,0.04964836325187667,0,0.008868315394689592,nominal,0.1346961616595629,0.06433178679519304,0.845620075580477,0.276666995446458,benign
340,space,1.1664997406164328,0.4605997036447315,7,0.05253740985384556,0,0.0011305296783451014,nominal,0.11620133860585118,0.04830955381965755,0.8877222871879288,0.22809349533132717,benign
341,ground,0.061503302274456995,0.3928885840602411,8,0.021354377914128884,0,0.00509113385187522,nominal,0.0947516146218188,0.0622558148316658,0.8018620581524708,0.13271812222445808,benign
342,space,0.5106596342953236,0.42758078993903603,4,0.03686203787887204,0,0.00695881574368485,degraded,0.1270161135368709,0.02462017020338564,0.86448996194213,0.13206651787684956,benign
343,link,1.0678282096453489,0.6111882903291684,14,0.05490395926775303,0,0.0010101494166456426,lost,1.3925969320556784,0.5135859424081657,0.38494780874603657,0.41405977322043297,unauthorized_command
344,link,0.973747465730674,0.8017880528480426,2,0.10585541388067579,0,0.009925977185816602,nominal,0.10379455192603874,0.06245326387890294,0.8682040344512068,0.28855946230439955,benign
345,space,0.9773728490178317,0.2533797389970289,5,0.12309519405602327,1,0.0036412105684150544,nominal,0.14266007725257773,0.050588611833551046,0.860656205213089,0.10877496377840312,benign
346,space,1.2583222229679836,0.31284405682670074,6,0.04938521007895979,0,0.0032073309234467305,lost,0.17467371067365023,0.09237950293836197,0.8376770018669746,0.016874008294551743,benign
347,space,1.2286621405433826,0.9196442949093494,6,0.060887573051788636,0,0.009440412782809274,nominal,0.12216190490426065,0.02486705498741904,0.9520929212552134,0.2954787325324475,benign
348,link,1.0842567011667146,0.3446315704218528,5,0.1293965871954979,0,0.006547707136020883,degraded,2.9656265473259498,0.39510462646440225,0.09816505250622731,0.6176602798824855,payload_data_manipulation
349,ground,0.5536762882838888,0.25003593208212715,5,0.02891759628020071,1,0.009871000859241166,nominal,0.10802947165858799,0.07724264807370158,0.8556434374137645,0.018482395587740775,benign
350,ground,0.44011197543537073,0.7138407858081849,5,0.03201081510701378,0,0.0062598391391795365,nominal,0.05529292805974115,0.0658720960651919,0.8597726377573736,0.057895202381708574,benign
351,ground,1.204869316384546,0.22368165630728376,4,0.02582105847179174,0,0.004691774960927717,nominal,0.0920674408265494,0.054351590726859245,0.8455067753872927,0.08388042979353955,benign
352,link,1.7976414972535146,0.4379852953451858,7,0.06639068089157193,0,0.009556394617234216,degraded,0.09968991542834622,0.04846603605142655,0.9992593608490452,0.25366535864906986,benign
353,ground,10.393687040337259,3.6009215718155243,4,0.25644478926073844,0,0.17549303155514873,nominal,2.1564981522674143,0.30101844812008527,0.08294733938043426,0.6636792246150653,uplink_jamming
354,space,0.6625607517849412,0.6011470864945598,4,0.09286041949577468,0,0.005992775178235919,nominal,0.08007465410587432,0.05972342482931748,0.9337506508899628,0.16286343970824155,benign
355,space,0.6787493083196248,0.6367458224441147,12,0.08424953177780169,0,0.01362920230850544,nominal,1.9659885941068629,0.6568969868949063,0.20263148673733025,0.7295610960090656,unauthorized_command
356,space,3.102917390523237,0.3057867801999684,7,0.25504814261474607,0,0.03241394697401294,nominal,1.6994367236655765,0.6165916520255224,0.2427922449891301,0.6362091315943676,spoofing
357,link,1.7641602930341853,0.39898512231792854,4,0.03249779143721072,0,0.009613346311948063,degraded,0.10009537061384538,0.05950553742442928,0.8466089256533745,0.17208835738287234,benign
358,link,1.9803719766990573,0.567591110829005,15,0.09893110943128515,0,0.010006103127090295,nominal,2.3115436739445476,0.40015591471232814,0.0007706553160808482,0.4720955552413732,unauthorized_command
359,space,1.811628345264027,0.6204074846763565,7,0.014836529358559187,0,0.006083500465316787,nominal,0.1252316810463026,0.03858872614386941,0.8625087304473444,0.2743325188462015,benign
360,ground,0.2508155072670821,0.7286639647923138,13,0.17296957661999926,0,0.004224165171759033,nominal,2.5497435126665406,0.48112884002601664,0.3395178441357717,0.4943413990565401,unauthorized_command
361,space,7.994967460871893,4.6404297819631894,2,0.4089213514461617,0,0.11091649707538369,nominal,2.4725366339345456,0.5136749609937632,0.5846096739144184,0.427757150404,uplink_jamming
362,space,1.075615536083421,0.8926171769363009,3,0.0033852010080680606,0,0.0020015421124936683,nominal,0.13641726065347715,0.04442232725053661,0.9284556327014231,0.011508466436392395,benign
363,space,14.106280367482416,6.133334788147937,8,0.24101431916110663,0,0.05471689325884213,nominal,2.1010826888539462,0.5296654852958418,0.33331504083763175,0.8437730107917969,uplink_jamming
364,link,0.3898821503871397,0.2749470220384681,5,0.03400054555206805,0,0.008378413809055185,degraded,0.13694116417251828,0.07560664607743457,0.8710579286438638,0.014748248746514446,benign
365,ground,0.8231647078566869,0.4970077470119853,4,0.00945842398914968,0,0.0009198451067079994,nominal,0.12164222769251387,0.02572609372100694,0.8219272565070374,0.17010983505036825,benign
366,link,0.8257703134310492,0.6406626122915184,2,0.22585204942374915,1,0.005423865601904387,nominal,1.6409676081908677,0.44121436950919996,0.36225308630256775,0.49835903257192166,payload_data_manipulation
367,ground,3.2306108487662146,0.6480262930156997,4,0.24508546294687478,0,0.03966551274470484,nominal,1.5815098227802065,0.48855276282011373,0.3683075670046346,0.4526305850319786,spoofing
368,space,1.0738779537000642,0.2116709706978373,4,0.016371035305137324,1,0.0037802494943440204,nominal,0.15449524795454153,0.038576320518316276,0.9794596991499477,0.15546549469077822,benign
369,space,0.4975514036865376,0.2923818965865508,8,0.007289178276919687,0,0.0039959851162086795,nominal,0.14230204292595305,0.04572346363156266,0.9341081013012182,0.09550560664080326,benign
370,ground,1.6968143379286722,0.4120839448875519,2,0.024328144357872086,0,0.0002090951233523497,degraded,0.10717132834287467,0.06743048772175869,0.8708847983974772,0.11434406461042067,benign
371,link,0.8699487750867516,0.23983140527540042,3,0.04726652558399028,0,0.003923821009327213,nominal,0.1307167942313726,0.000738722003074968,0.84731358504222,0.2189979673934891,benign
372,ground,0.5992022161231318,0.5974632966437823,6,0.044647660079268785,0,0.0003332319943950846,degraded,0.08864219579330289,0.06914817853923547,0.8579761359067719,0.004354528358282639,benign
373,space,0.36811546138972884,0.22588819158659806,5,0.03708871847786699,0,8.45149606246054e-05,nominal,0.03939716741367191,0.09319478521322,0.9775635280671638,0.031398190172368876,benign
374,ground,0.0692577747222558,0.32128099725617587,15,0.03943363772095744,0,0.003009909961451711,nominal,1.9838615529486912,0.5520756120358711,0.346212241014335,0.532688566066416,unauthorized_command
375,space,0.8360967700617385,0.48242650881408305,7,0.07248386076131055,0,0.002923030465548375,nominal,0.06009865589523353,0.05584695614691506,0.8872488896728635,0.2915852535779417,benign
376,ground,1.3294770673905183,0.41073358424656303,6,0.003826654250966351,0,0.008634914504628183,lost,0.11509366903605059,0.07779528267892712,0.9802518415593127,0.04917607861408346,benign
377,space,0.32739516459569873,0.5531865172636524,3,0.09947407781856898,0,0.002788719262609649,nominal,0.08606455378901764,0.05528541146123609,0.8077183123876268,0.2636643437738556,benign
378,ground,0.7983561040445306,0.5169053967568649,5,0.13785886372961245,0,0.0027489565825708773,nominal,0.10283708416484097,0.06839743031908861,0.8400679642192885,0.06330200751225781,benign
379,link,12.037846480179796,4.5016888958794645,7,0.2915154112843596,0,0.14896454606796258,nominal,2.450762753051679,0.43512631953194103,0.4926470171989446,0.4554075033672594,uplink_jamming
380,link,9.717244061131778,7.073778682803283,10,0.18830318850362493,0,0.08318567297100256,degraded,2.3095164732942663,0.6318197067234026,0.1473789444292887,0.465567667220896,uplink_jamming
381,link,1.6418250785224064,1.242720177653464,4,0.22598876421688965,0,0.03133913903625171,degraded,2.415944096827937,0.40252588137140694,0.4235294668090329,0.9469832138411821,spoofing
382,space,9.693087300200363,5.49569802116365,5,0.08878639461260195,1,0.09916568087618284,nominal,1.7245088054672153,0.5396032179542929,0.041504514303250306,0.5987249813971129,uplink_jamming
383,link,0.6598250877486318,0.138364415493968,3,0.043295577320156035,0,0.00486057541902681,nominal,0.20493661770252125,0.022291812163637414,0.9952156664945038,0.15969130915444987,benign
384,link,2.028905588548881,0.21231776664108815,5,0.5199389320857912,0,0.008162278518628002,nominal,1.204929084659851,0.43353489024979375,0.43866178980213727,0.5453100673562606,payload_data_manipulation
385,space,0.6253063000275656,0.43813751729959854,4,0.03472979118239914,0,0.0026230493138443955,degraded,0.11605760000884281,0.033453463967018024,0.9750742526654467,0.1246480190087743,benign
386,link,1.824082412285345,0.5982891021788804,6,0.06251313829267068,0,0.003209354383194404,nominal,0.08919478144083404,0.029669512756347955,0.8961883216168607,0.11289354508649928,benign
387,ground,1.7665019753634699,0.7425475028524859,5,0.0032260899742051047,0,0.001988917029380174,degraded,0.13606132718743688,0.021150341488141065,0.8669636689426903,0.09909230626706353,benign
388,link,1.0575007639262286,0.28031815640748947,4,0.012301532779325981,0,0.003777968239094115,nominal,0.17562653511512755,0.027368747869073402,0.8510174444842796,0.03811007279196952,benign
389,link,0.6056517453953667,0.7746811884700509,7,0.008548453520042886,0,0.0010612541856490243,degraded,0.103203033509309,0.009787330522407225,0.8222069846047719,0.13282948705856837,benign
390,link,1.1530679575778553,0.29478383116087514,3,0.04916414587001534,0,0.007101732665901607,degraded,0.15326881361298014,0.04483908968777677,0.8503629404018264,0.29430884673452284,benign
391,space,11.136368006680796,4.303979838399048,3,0.40083752101440007,1,0.053297978305898545,nominal,2.2950023805522357,0.7540391097681434,0.4453206054726795,0.7058413060023623,uplink_jamming
392,space,0.7322922648298902,0.3747726937502156,8,0.07169948370984576,0,0.0002513972575631418,nominal,0.05475926080941438,0.05115972770067405,0.8415541258879458,0.006084094468374246,benign
393,link,1.0666998271506347,0.39421549952293794,4,0.050239072636071164,0,0.0033774799673484722,degraded,0.1195604663618697,0.06163563541256725,0.9715531096744885,0.14849483841373828,benign
394,link,1.8970834936514942,0.573806345952826,5,0.02658821312792692,0,0.0021092733610651193,nominal,0.04820515473948525,0.040148044104479946,0.9215918701664684,0.17273556326682346,benign
395,space,0.5063751027245209,0.6006520453051011,4,0.0025827725599920684,0,0.007529861930391852,nominal,0.06957530481343992,0.0298426417355574,0.8563859103503122,0.15925771028654273,benign
396,space,0.7951256467322282,0.7035273850907346,7,0.0474025513453975,0,0.00010345596472699948,lost,0.2145282508810961,0.05003740367783752,0.8321206292859299,0.10220562707244048,benign
397,ground,0.10056067036305194,0.5469707197935022,8,0.03244985639635754,0,0.006708266807759353,nominal,0.07483510721813874,0.0732497456838295,0.8634001939468608,0.2549962779507031,benign
398,link,1.0305142917781605,0.17550693382148796,13,0.2040474107613253,0,0.007599199045195051,nominal,1.5877573471732442,0.4253072306627805,0.006915608431791153,0.47820443414144315,unauthorized_command
399,ground,-0.3523948989294825,0.48109721192644644,5,0.03396352264688816,0,0.0019183611460101059,nominal,0.02303140069192805,0.028538437431396148,0.8556930581830693,0.2689418571777886,benign
400,ground,8.417477697386396,3.730708894756896,8,0.5466357828023842,0,0.19352220058863168,nominal,1.1354504112839747,0.45003864067772675,0.39005547068395885,0.7921938858433722,uplink_jamming
401,link,1.1234046590904263,0.461305435426311,1,0.1589027441969716,0,0.0031650177926262034,nominal,2.3503468264049743,0.5157031356926481,0.3652337653069298,0.9561930848906772,ground_segment_compromise
402,ground,12.141697495136489,4.76219296257406,9,0.3610612329781666,1,0.07782889628865788,degraded,1.418478674857699,0.646225460403473,0.4080276338245619,0.781094193318361,uplink_jamming
403,space,0.8547730418861055,0.8029948447867714,6,0.11455680532749371,0,0.0015217460188191789,nominal,2.4908623371048177,0.4429525976069431,0.10023340168127141,0.9956984952668182,payload_data_manipulation
404,link,0.9063479101025549,0.6229889278062757,9,0.021800997234737052,0,0.001705303893937753,nominal,0.052269094902496996,0.06036437900890823,0.8689011786788127,0.018462910240451057,benign
405,ground,0.8204257538468537,0.5604308633637729,6,0.0005937382256999184,0,0.007759768498152423,nominal,0.014959798757608389,0.06400338592332197,0.9758793986611769,0.14631566049461084,benign
406,ground,11.095120693242027,5.872153105684055,6,0.3114197431675832,1,0.11271973996904341,nominal,1.331998553782536,0.34758530929539844,0.5174009498638389,0.5700766895584475,uplink_jamming
407,ground,11.428472965387856,5.103041565771388,8,0.6688220920141549,0,0.19676665882303546,nominal,1.9819433370118613,0.6739208896551233,0.46078005468588307,0.9764368529369458,uplink_jamming
408,link,0.4692948739904411,0.8384659441354436,4,0.05870359549676531,0,0.0020353552248180483,nominal,0.05660387686244232,0.06114275236806964,0.8504446268461238,0.2432191395691238,benign
409,link,0.7440446692573979,0.5100906368903865,8,0.08276637426200398,0,0.0017036725078153115,nominal,1.7790221492046678,0.5022081529446324,0.4744217422476682,0.4071386993470934,payload_data_manipulation
410,link,1.0460275686559959,0.5952480706775332,6,0.0764111107099727,0,0.004711725593781419,nominal,0.10028428490198386,0.06948524526172904,0.8853183802108787,0.2667358067182328,benign
411,space,0.3752220486302599,0.5883602255492146,17,0.13343273263604624,0,0.016473185019679478,nominal,2.5614460616519623,0.3856731677170916,0.48384169154794454,0.7061482598818873,unauthorized_command
412,space,0.8759327983693246,0.3542081499933676,4,0.3612498178028929,1,0.0008982575257208403,lost,2.008060448730327,0.5230697318334434,0.11788959144175117,0.5508580913124781,ground_segment_compromise
413,ground,0.5805157801779113,0.396653251709809,5,0.05802972717038,1,0.007396079690001372,nominal,0.11340159935429901,0.016348262254028655,0.9815232772450455,0.2539305528921921,benign
414,link,0.6567306234231156,0.73267521103271,7,0.04849037856647565,0,0.0014308139541731391,nominal,0.06414090496387642,0.05042185495701175,0.8253090622392755,0.1429861368931621,benign
415,link,1.8689327644974123,0.9139023442627003,1,0.32697018642672243,0,0.040714436925034216,nominal,1.8432179435147176,0.5677853974841031,0.2143451809020817,0.7462320050281266,spoofing
416,space,1.8231646038477283,0.3503608369884583,4,0.04704953286625564,0,0.004166948396734668,nominal,0.037890901909531385,0.07165029270845016,0.8584883609179031,0.23948189896389166,benign
417,space,2.5702240738469793,1.1766733352726275,4,0.19587631923597457,1,0.0450516939409575,nominal,2.956002734526349,0.6164060152585937,0.3034453790132666,0.890261279801569,spoofing
418,link,1.3901861309950372,0.6049037585043913,14,0.37854406168917626,0,0.004016575003498417,degraded,1.4148186262072069,0.5203432174761897,0.4760619491324169,0.9489579619775695,unauthorized_command
419,link,0.7501822984437585,0.4877541249596046,6,0.0831918679343712,0,0.0031965206225530065,nominal,0.11993818822124072,0.06570370164620754,0.8150187291610629,0.28300718961296445,benign
420,space,0.11115951881489938,0.49404610108476593,4,0.011212462858112528,0,0.005314859273045048,nominal,0.17463299082535738,0.06319656595462296,0.822096725593613,0.25863122203544403,benign
421,space,1.1552363770903757,0.27454724148917053,10,0.23357800906393436,0,0.011872210888928288,degraded,2.8026779811809033,0.622393634423789,0.052803616506871355,0.9361207500990621,unauthorized_command
422,link,1.488822422394218,0.3829728287352669,6,0.06206837195601861,0,0.0026615838605117646,degraded,0.11605133211237717,0.03732143554968362,0.9569911230573015,0.05761009570844885,benign
423,ground,7.723165189927553,6.9531071982725745,3,0.4118472322905574,0,0.1387871606628605,nominal,1.897116503161414,0.6205818420716043,0.3862623648607468,0.5996910166550031,uplink_jamming
424,space,2.0632047650406173,1.6655320105909115,9,0.17607452307824706,1,0.02494078656926965,degraded,2.619505567207639,0.5831783273401236,0.335511527987909,0.7192796437494114,spoofing
425,space,1.2240404120733548,0.16757705728971184,1,0.012799515014411072,0,0.003669578318169953,nominal,0.03709900443668314,0.0675827664807908,0.9743091361416253,0.14549768537324986,benign
426,link,1.6957116767681217,0.5069007130463316,1,0.015251601468419288,0,0.0036808563766621426,degraded,0.021940752155789472,0.07672052962731978,0.9404835056300729,0.1902275835239517,benign
427,link,0.0625547013561355,0.40443202985924176,5,0.20969720876644515,1,0.003972275295662325,nominal,2.0496569074756747,0.43474717067833546,0.5534993377815018,0.9115996918610324,ground_segment_compromise
428,ground,2.388822847980673,1.0925292601566834,6,0.16847056551344383,0,0.02458559964055132,degraded,2.4277699746265635,0.6657102010552165,0.37501607268619735,0.9124098002012719,spoofing
429,ground,0.7911656561395026,0.35152272591385303,17,0.2914900904775162,0,0.00975753211996119,nominal,1.8766377879427798,0.6374611267576554,0.19458819832534835,0.8296987229065667,unauthorized_command
430,link,1.1798404238431606,0.43890018958390153,4,0.0357850418312519,0,0.0049307670978757405,lost,0.13615400167382322,0.09111442659396504,0.8501163153188386,0.1193186926868167,benign
431,ground,1.2250778169733239,0.4791283101123827,8,0.054586399244129426,0,0.00415786062069183,degraded,-0.0010408792292973673,0.08479330503940902,0.8822094387112116,0.1065395292077149,benign
432,space,1.04264203436662,0.3796996426356455,6,0.0354034196775112,0,0.006343293572573794,degraded,0.04386286138592659,0.03669730020697538,0.8993099627203662,0.0830993455364148,benign
433,space,0.7833982964051778,0.17051746789879485,6,0.002758237682689641,0,0.0003029322647962562,nominal,0.07881005215287346,0.05457952278383872,0.845377182960589,0.0932490303082484,benign
434,ground,0.9905675520980578,0.7382869955438878,5,0.6479684773622297,0,0.0048098024604632805,nominal,2.1624922872883725,0.48079541993769115,0.14495100040250006,0.7329201501994942,ground_segment_compromise
435,ground,3.65771702597395,0.5007651556068311,6,0.15116712871906693,1,0.02805692014419881,nominal,2.123542593549814,0.42251365137620156,0.03340368897238535,0.8785104440175315,spoofing
436,ground,1.3607927388428949,0.45394999502512934,4,0.013294932498162123,0,0.0001480886113262514,nominal,0.08287857033027138,0.07320588259840087,0.9433950547107097,0.2630052640381945,benign
437,link,0.669487472686253,0.3970122587133455,6,0.02071401906971314,0,0.007748584021819559,nominal,0.07747684245581374,0.09172750835102703,0.8762201027223628,0.21584106939401435,benign
438,space,1.1394561825409715,0.4698126766312014,7,0.041834340580746365,0,0.009429127113917565,nominal,0.13095482390257757,0.05179569928838264,0.9804491246192463,0.2627151109676818,benign
439,space,1.6053506265737583,0.4965453523903654,18,0.505096320847732,1,0.01010331423045465,nominal,2.662241312920535,0.4045450689175522,0.22070830868568062,0.7331579935647641,unauthorized_command
440,ground,1.6555811483018084,0.6728139964277894,6,0.018039673300275748,0,0.002096609221117004,nominal,0.1471525723303398,0.03428599558243315,0.8422525833876393,0.18980311045240797,benign
441,link,1.7492336620685207,0.7601583798497116,6,0.2333064618447694,1,0.008842073518293187,nominal,2.167242605805756,0.5121018385234615,0.3515385620116541,0.5077652432963817,ground_segment_compromise
442,link,4.8805347179380405,0.9114917943657528,7,0.3608020936210987,0,0.01775975824893589,nominal,1.4707158608717386,0.5671742482191873,0.225563025241976,0.7209236534552532,spoofing
443,ground,0.1424400226526521,0.38992240193068173,18,0.1664811042806124,1,0.01160076975801845,nominal,1.6092672895087698,0.25975074664713094,0.10821358096899114,0.9049094344372739,unauthorized_command
444,ground,1.3055383581854874,0.2152012300607976,5,0.03467870874295886,0,0.005348009769191681,nominal,0.1100561729350763,0.015694295650940014,0.9034922018768583,0.2773063038581401,benign
445,ground,0.6596114607913502,0.5181464268804439,7,0.013943309979976714,0,0.002733288766658907,nominal,0.057588361491594936,0.07519162488904454,0.8269431461739452,0.04527479481405894,benign
446,link,5.037545624828951,1.1020103827617214,5,0.1370156334126005,0,0.020250196955562905,nominal,1.9716939563677716,0.5026571963404306,0.21608526848336282,0.6790211948384037,spoofing
447,link,11.787184081262922,5.853393438858876,4,0.02584191467317857,0,0.14682672282180492,nominal,2.0269157759337246,0.5361052341936033,0.3431089973342673,0.7503338940232291,uplink_jamming
448,ground,0.8201926440742194,0.517448287564122,5,0.024112849035594134,0,0.00736017368365336,lost,0.05990689115809592,0.05122172345196625,0.9396430906988946,0.18713165719525585,benign
449,link,0.5517816623592007,0.3579203952661617,7,0.024316074197401488,1,0.002541777143056575,nominal,0.07176539421210394,0.08269333105039745,0.9205051780250507,0.0213968968238443,benign
450,ground,1.4985098557908851,0.0901588459352316,1,0.03405766698270649,0,0.0010736111845066777,nominal,0.16951665917660858,0.07631774534092235,0.9653455296792565,0.03207595931394641,benign
451,space,0.24110045339980057,0.5993168381671217,2,0.1322493749762237,0,0.006612333832618658,degraded,0.09456221875460977,0.0629425818028469,0.870487188305315,0.2139050507201337,benign
452,link,0.4930740515270239,0.3550191936350413,4,0.0316677589450286,0,0.0054761198414280945,nominal,0.045712614460922535,0.05059592330242849,0.9477984126312488,0.11906639346747568,benign
453,link,1.7394654691262779,0.520542994914442,3,0.01390778960113524,0,0.002278431880765006,lost,0.09835852863780113,0.05907762740073027,0.9700534788671848,0.21191063155509227,benign
454,link,0.9757070986094082,0.4500393691329362,6,0.03289625707689545,0,0.0007150302433163536,degraded,0.11528327843212981,0.03537490862374086,0.8572361741595815,0.059675044121167406,benign
455,space,1.288317903501783,0.6198189940450547,3,0.478849396016406,0,0.001931577511209799,nominal,2.3086405963042327,0.5015347787819031,0.2871502394596641,0.8194637232398188,payload_data_manipulation
456,ground,1.2662321538943477,0.27117070459449544,3,0.5318526011223033,0,0.00817259268987523,lost,1.8833580084213652,0.6475732678992345,0.4188446030871893,0.6327713011929352,payload_data_manipulation
457,space,1.0211560305262934,0.27037691530373753,5,0.23080612582613952,1,0.005871791281356968,nominal,0.049003133094797494,0.03885611114122556,0.9319641685386789,0.09572249169621787,benign
458,link,2.678736330739924,1.2279361710859231,6,0.34949914422299677,1,0.031279532730831276,nominal,1.6588444638964348,0.45783914146888804,0.13585776305258998,0.6884284338906136,spoofing
459,space,1.3129852374943587,0.5393654443958436,4,0.02369493376434508,0,0.007930103076255994,degraded,0.09377732904335725,0.028346709968625223,0.8536564391078976,0.2526072654194852,benign
460,space,1.8039271684041231,0.680506592015065,2,0.0015424608474029393,0,0.00018355724379141793,degraded,0.14253596972303234,0.03685929525965352,0.8072074754998375,0.27983373740632034,benign
461,link,1.4972791178708107,0.3540732709329685,5,0.13345880177403305,0,0.0026949005013336335,nominal,0.1288596658593864,0.02541964126893629,0.952178294592248,0.2958083784589289,benign
462,link,0.5947511290081107,0.3822634004576741,3,0.02661915823420796,0,0.006813131853478842,degraded,0.07289015890754613,0.07486310823724816,0.806610438975888,0.0003394425362610587,benign
463,space,1.6712469033333626,0.49710422826705003,5,0.17072741192781854,0,0.007120293570544514,nominal,0.011873850957473023,0.03721192302328061,0.8512975046414308,0.17812522572215386,benign
464,space,0.7338691369142121,0.6408259696098552,9,0.03437963050979942,0,0.007773021481439183,nominal,0.17293406687293617,0.030455246225704787,0.9790825422388438,0.04877012059904357,benign
465,space,1.8691985970247056,0.5834591461825012,8,0.18683028347085692,0,0.003585076311953338,nominal,2.4581954220205837,0.2904246686904002,0.0926959417236229,0.640192889492368,ground_segment_compromise
466,space,0.893387940546371,0.22585968340541301,5,0.011774736244754686,0,0.00034503876498325983,nominal,0.13626649159921167,0.06723947670538948,0.9149149006946035,0.24668241344187755,benign
467,link,1.0775776714326781,0.4203433932914903,4,0.06427098818432865,0,0.008912826648277505,lost,0.1465437255968622,0.06870914729697553,0.8083191912512939,0.006933200540337658,benign
468,ground,1.2541564780812617,0.4592434957180188,4,0.006097327294235384,0,0.009634842786561725,nominal,0.07702722923074085,0.03636804374825176,0.9895673799693999,0.11013985059307953,benign
469,space,1.7964820480136905,0.7930421006962762,6,0.19368654373016678,0,0.005319106968813024,degraded,1.3680595854629445,0.5968025075870584,0.15210060966346386,0.5985322526162766,payload_data_manipulation
470,link,2.027096920628035,0.5295641478073054,5,0.009691018876151727,0,0.0038713050897114833,nominal,0.195127910261478,0.10648440852790406,0.9431011909242257,0.03288845832103192,benign
471,space,2.6457936114912117,1.3671879729721408,6,0.3789172450368803,0,0.047299671191107194,nominal,2.9581594102136695,0.4887535423573486,0.4052426622811764,0.5941774747482874,spoofing
472,ground,0.24243334295118846,0.7660864688757634,7,0.046565091714850855,0,0.0012461420770752119,nominal,0.10427973519722628,0.04443254064784212,0.9525897757023123,0.2278459707564921,benign
473,space,1.0200595412182893,0.08162718108982653,9,0.13866243091467134,0,0.0002815932656578135,lost,2.1496182309592204,0.5742444238646957,0.20687215719272192,0.9361891894542885,unauthorized_command
474,link,1.1134095446270218,0.5017683544709768,4,0.001099735425974684,0,0.00011572198755270268,degraded,0.11446915025010358,0.07148348410291118,0.8273837647991327,0.10230512793576091,benign
475,link,-0.5280060807324738,0.27471446222344886,5,0.0416392526753468,0,0.00037747316967433385,nominal,0.12545141770339877,0.07307788269076981,0.8607441907182378,0.29488347648606633,benign
476,link,1.676019682987163,0.919881504100502,4,0.07826009371220902,0,0.006557962798997199,nominal,0.06514776493202888,0.055903861234168406,0.8765648415927008,0.17673562079407096,benign
477,space,3.312387243411645,1.7034009685910292,5,0.18917857854561054,1,0.029551175529186645,nominal,1.2128353728835435,0.3629102641499864,0.40137222604096473,0.8482050997581756,spoofing
478,space,1.3463360171263656,0.5649516479067084,9,0.3190233993523034,0,0.0007296833292568771,degraded,1.5824377480138825,0.49669747362804395,0.5547736907055171,0.6385551215863879,payload_data_manipulation
479,link,8.992699479248808,4.9305769130869495,5,0.46235384662783613,0,0.07661474783743974,degraded,1.4590859664345728,0.5544086282183179,0.020190199281033983,0.8046595338811582,uplink_jamming
480,link,-0.2791402636470537,0.7511532350537118,3,0.12989965603360512,0,0.0013991897722699408,nominal,0.14571297723970617,0.07320803658534683,0.8941001438179365,0.11636955868551895,benign
481,ground,0.8988305465649562,0.46335095135814364,1,0.0831480734836695,0,0.006304009260359995,nominal,0.1394537600699955,0.024137554991900595,0.8610863385366065,0.09643874338434134,benign
482,space,1.0419362508804668,0.765084703138752,10,0.013881736176606069,0,0.004780970188182215,degraded,0.11666468583063888,0.06872792569922745,0.8945961962741472,0.2016343380296397,benign
483,space,5.855289636608004,5.1540318416835875,8,0.04485664945211506,1,0.17907672298811678,nominal,2.3302104679706557,0.4852639865243712,0.007059056620198611,0.752731415157869,uplink_jamming
484,ground,0.5373643576889706,0.2835761432450949,5,0.020237408789404703,0,0.005144796421310306,nominal,0.16018319430280367,0.03826942435632043,0.9168536404129002,0.014569995917788792,benign
485,link,9.99174151643324,3.243131300598498,3,0.15316360188069936,1,0.18882939824703426,nominal,2.169487946834131,0.6140250552671205,0.29042336413670905,0.9869616915993928,uplink_jamming
486,link,0.40988413289981496,0.6588805927937742,13,0.5788131480497829,1,0.005585305560819796,nominal,1.6563987380757677,0.5602609815034575,0.25626393770222544,0.7328162113882346,unauthorized_command
487,space,0.9242946445445027,0.1765656219908911,1,0.012893971647459555,0,0.009556213797813561,nominal,0.15422502651454628,0.04949622632941041,0.9424126842818341,0.1739885941605333,benign
488,link,0.63787539532116,0.1834585473455575,6,0.04609752849501666,0,0.007395034549060827,nominal,0.1074521598962335,0.01063458731621341,0.9245252054723839,0.1958279267928376,benign
489,link,2.6804493577046964,0.8587734702625655,7,0.37415995224204096,0,0.034061940255188244,nominal,2.316108157015925,0.5604051644921624,0.536066079225759,0.5164916179711294,spoofing
490,space,0.7949852942305446,0.19085253823829446,8,0.13886762035931574,0,0.004971404637522013,nominal,0.04067650391014227,0.08289828419457249,0.9635591361958837,0.17035228816551637,benign
491,ground,1.305157150530816,0.5170486153622154,4,0.07397235704267473,0,0.0007242231286068479,degraded,0.11409065743125718,0.03683107922956567,0.869222197418823,0.22401793116030946,benign
492,space,0.531462859926016,0.748934035363499,14,0.37389602160983965,1,0.007773120030870273,nominal,2.3173309719219692,0.4100941476294201,0.3681167304981438,0.9670224792181626,unauthorized_command
493,link,0.5683824835097548,0.17286420619995557,2,0.0387155645801477,0,0.003703201754505222,degraded,0.07953297123906879,0.02887776861625827,0.8847912358926524,0.10815987535549433,benign
494,link,4.068243749578508,1.1158861624697782,8,0.16356865818182495,0,0.03730579529172526,nominal,2.071874300449645,0.6345529853551899,0.08469961991821781,0.4153473899171009,spoofing
495,space,3.093331236091089,0.42070769743868797,4,0.15840901109451622,0,0.03988696682158602,degraded,1.7068616617338757,0.5189051626044373,0.15189127529377044,0.8847591067376316,spoofing
496,space,0.955813356236802,0.9421379452031529,10,0.09910153398933616,0,0.006202788171008429,nominal,0.07043476805605273,0.05261962258394072,0.8958081451349228,0.03136633744530728,benign
497,space,8.287086695508478,4.812272976420116,5,0.3844633809876441,0,0.19296091529332055,degraded,2.8314657235949188,0.4839925513391695,0.027947965251924955,0.823067887983397,uplink_jamming
498,ground,0.878294848716046,0.2823380495273462,14,0.17150111766965484,0,0.0068684123226134776,nominal,1.1494102413798104,0.4135959804640964,0.22730847891033298,0.9366298458231135,unauthorized_command
499,space,0.7092267938564248,0.4037115819470151,6,0.025000737822262063,0,0.002249500438770339,nominal,0.10472749261614285,0.03686166706248248,0.8421263444548602,0.28465375154011835,benign
500,link,1.2946000661162946,0.26847366381422777,6,0.03657404323556125,0,0.008711870463503177,nominal,0.0897080070039328,0.06619315060296482,0.9924583083345173,0.19608088576056795,benign
501,link,1.1153558745374812,1.0362403102363142,14,0.17522308119045835,0,0.012345821521052354,nominal,2.4176032116647583,0.43677438317408795,0.2517237867160271,0.6910331985735791,unauthorized_command
502,link,1.2518946661112036,0.5886581853214852,8,0.0023938314185422286,0,0.00826949025084111,nominal,0.04710816906948828,0.05521533634966127,0.8006775695965279,0.07358702809309288,benign
503,ground,3.8692983618116505,0.7210197538292025,7,0.15723697844055784,0,0.012942019159051169,nominal,2.275896477067656,0.45640987901695096,0.18513989855335017,0.995136089885587,spoofing
504,link,1.1072144652062237,0.4656027009183644,6,0.16385925595108192,0,0.008094732096154345,lost,0.057440975877625755,0.034268558168843,0.9110037048410582,0.08616377133820846,benign
505,link,1.1661861666119924,0.35665345123556647,4,0.4213657966671996,0,0.009501807108180417,degraded,2.0198180325407415,0.536080096846521,0.015009091134512475,0.7623267937744527,payload_data_manipulation
506,link,1.324804720049281,0.36353087202414686,3,0.02476348289984152,0,0.004864090989910866,nominal,0.17149638951660445,0.047118288590950116,0.8030732501469448,0.12793314171429096,benign
507,link,12.166101311107166,5.975212419104405,2,0.2110976429208067,0,0.05459082445053564,degraded,2.4239005120646597,0.6562855725642586,0.0013104567033343395,0.9332478428509852,uplink_jamming
508,ground,0.987717896495058,0.6558375154001608,6,0.00038923757114602984,0,0.0020246754209575003,nominal,0.06828626415913432,0.07257694975098779,0.9638667504597722,0.0392094761244939,benign
509,space,1.4947744905367188,0.7722865382557703,5,0.01301327608345994,0,0.004108092623743414,nominal,0.11075343351261331,0.03278035789316276,0.9897727691789593,0.19063715388566702,benign
510,space,0.5722133126211814,0.45269872490849533,4,0.21038165660942362,0,0.0005521762675040565,nominal,0.0782461379211842,0.04376648228469532,0.8726784958864253,0.07662848431382714,benign
511,link,0.007210003239702778,0.7611775388600348,3,0.030542563903711253,0,0.007719644343498835,nominal,0.1593776594890506,0.0731743211741608,0.8208945971631872,0.13478874626887635,benign
512,space,0.9890452558588603,0.549977511632766,4,0.15943337613200168,0,0.006061095998529731,degraded,-0.01278956655473737,0.05862019384260154,0.813168432901731,0.18665007725208232,benign
513,link,0.763491166364523,0.13138663702794284,3,0.02256460145446422,0,0.005437624559186557,lost,0.22526326227367324,0.06693851162425361,0.8159787375582722,0.25664578640878727,benign
514,link,0.7141908042153668,1.0580583243096373,8,0.013020199793469226,0,0.003027475704712325,degraded,0.0835790559086349,0.04288971108624629,0.886721206681907,0.2420698043759067,benign
515,link,2.23177846606613,0.4782187009723336,3,0.058826594363834785,0,0.0027490833748224077,degraded,0.07671485826704627,0.025399398481559612,0.955029215545719,0.12992406108063934,benign
516,space,0.7285662026237314,0.48763401544646384,9,0.011826530941023459,0,2.9627205603968143e-05,nominal,0.1589873803207722,0.04342409164861104,0.9322000597641706,0.11843625275121417,benign
517,link,3.2469060634166116,0.662440651678683,6,0.2621028418512615,0,0.03629976919939768,nominal,2.4849204324199543,0.523609816417071,0.21413319736824069,0.579931444033483,spoofing
518,ground,1.1924832080238172,0.659713334622118,9,0.011206042427931244,0,0.006605324154364861,nominal,0.1415605551599878,0.06743111932576284,0.9352112010026506,0.10709510764203388,benign
519,space,1.1635852764388952,0.3492809023278379,3,0.17028529199863868,0,0.00860651887387617,degraded,0.10974839429202775,0.041900726773748176,0.8067942642665902,0.25273731831323626,benign
520,space,1.424149089652434,0.6296505312651739,10,0.03168114081518238,0,0.009451897611270067,degraded,0.08358123702915989,0.07215442191964898,0.9976406985453948,0.10390905093254828,benign
521,ground,1.2833010741963626,0.3328165630440829,3,0.013359714566984508,0,0.0025159896976482523,nominal,0.11411284552910805,0.02010728977818881,0.8714752806895925,0.28979812272249783,benign
522,link,-0.21315878672936672,0.6644864623545236,6,0.411765150687713,0,0.0027384251909925916,nominal,1.9503428311039839,0.47275730990691284,0.2823268109707336,0.5887105433254631,ground_segment_compromise
523,space,3.334157621873155,1.1409920620995655,5,0.08433495913679499,0,0.024487150302325844,degraded,2.8143138489406208,0.518483976436038,0.2635819633967981,0.8476492939437359,spoofing
524,ground,1.6784548140927003,0.7676820632432364,8,0.0405058780688444,0,0.009021761599774839,nominal,0.0710674057095585,0.029456540832961942,0.8319925834935309,0.004268467118749797,benign
525,space,3.3496219725359864,0.5222551083165384,6,0.40815018119747276,0,0.026626440060017964,nominal,2.317550005798963,0.41331154151165334,0.5059994129351625,0.8308037260645887,spoofing
526,link,0.9851556048570108,0.1531404247726671,3,0.7114470723362719,1,0.0028005320561655645,nominal,2.578178258595392,0.5829857934622454,0.4114218308333623,0.8466488284213405,payload_data_manipulation
527,ground,1.0351219442108064,0.3116369957105339,19,0.19339443891380467,0,0.005303617502606457,nominal,1.2175118142499515,0.5045807968531597,0.13699850195598626,0.4148855980255395,unauthorized_command
528,space,1.0343984391698449,0.3972267156939055,3,0.023057385404165555,0,0.0005690148049762156,nominal,0.04607493302109438,0.06852537528245173,0.859342261705737,0.25259250762188135,benign
529,ground,1.2356956313824954,0.7543799090847887,6,0.013406487474346763,0,0.0011058634396395473,nominal,0.10438905999249186,0.04710822566027891,0.8702287381113625,0.10832989218794005,benign
530,space,1.770986173919317,0.5094334146526758,21,0.34379973769733924,0,2.174039609865064e-05,lost,2.5848225110602185,0.2991675995214158,0.15053542581231072,0.7562784756492553,unauthorized_command
531,space,1.284513002763715,0.4766857307093343,2,0.007189209244485796,0,0.0014989429532815813,nominal,0.1604573143045106,0.057958496934306665,0.9522699312405785,0.07874533641494302,benign
532,link,0.7468179654609162,0.5257603984241893,5,0.020492596317364158,0,0.00612722051941757,nominal,0.1443548351392879,0.06717998853314082,0.8564732135104115,0.08867973749546355,benign
533,ground,1.664476134875708,0.6266189955739018,3,0.3507565813064947,0,0.0029731770951204697,nominal,1.5459041793533814,0.40079579746825034,0.45967305080707815,0.44100857091381473,payload_data_manipulation
534,space,1.1912999796643633,0.5665520957274021,16,0.37965566008946955,1,0.003293405250146102,nominal,2.525387145236057,0.595300949821405,0.21787722629378153,0.9709621374998728,unauthorized_command
535,link,0.8500612627516939,0.8108524038827141,3,0.3824847388161238,1,0.0018526802215258753,degraded,1.969934488495974,0.5606173306435204,0.5622530388638977,0.45246945062133204,payload_data_manipulation
536,space,0.630701209058744,0.6472827489072027,5,0.031615825788896414,0,0.004330745051445651,nominal,0.0438757838138567,0.06945420785844349,0.8962870691915211,0.013318579490798099,benign
537,ground,1.6219375202856305,0.18602321449127357,17,0.0965262682018243,0,0.006233022012193035,lost,2.598443381958281,0.47303526477584934,0.03200939672991645,0.9085444178741575,unauthorized_command
538,ground,4.958305986854531,5.14880876167959,2,0.08292415012706633,0,0.06794456592741055,nominal,2.930686535659111,0.5275874006375149,0.1560695898092395,0.9651429837029974,uplink_jamming
539,link,1.7970587307610115,0.8372730917897304,4,0.1223251243868309,0,0.006842287108880255,nominal,0.11468451684252073,0.042917106254278435,0.9919549963532637,0.1899205829595321,benign
540,ground,0.662105005374336,0.4434380009914907,2,0.02555706216457155,0,0.008617738397893546,degraded,0.012773355569697303,0.03619447533525591,0.9810176246776529,0.26080203237220656,benign
541,space,1.1575841018992103,0.4677560297502366,6,0.04212484602017289,0,0.006833362812802139,nominal,0.030502553564848225,0.03064256219728203,0.8835623165803,0.07891545420358118,benign
542,ground,1.094421989991761,0.27036212839615187,9,0.025489526753845596,0,0.005735846069537891,degraded,0.10813359862603597,0.009329986600189896,0.9759361409299587,0.10658016541720006,benign
543,link,0.36856762313591107,0.2540947497565228,6,0.053934104517482304,0,0.0004204479607594469,nominal,0.1417629783599716,0.052383816260151844,0.9512955357680825,0.03317375612059783,benign
544,ground,0.635481785986731,0.5547927512505756,11,0.11838436731747815,0,0.007002096085691274,lost,2.1579294932792714,0.31293144158819064,0.3676803432816785,0.42580129926674315,unauthorized_command
545,link,0.8220580500700496,0.6141891389207745,8,0.11132920301731565,0,0.008122395386087472,lost,0.052711417696336124,0.0497851490669841,0.950875191104982,0.0828225408208231,benign
546,ground,0.7420095053254603,0.583374612518008,7,0.05907029949228401,0,0.006471595611269574,nominal,0.09489968599363692,0.06877938937409585,0.8672319329970198,0.08829652326937078,benign
547,ground,0.9680610835843266,0.43556351004759875,14,0.2422095332919012,0,0.013124559808176133,nominal,2.599990108973972,0.580664311672275,0.1433919526534059,0.5239078989578704,unauthorized_command
548,ground,0.8857840394668208,0.45932834729960087,5,0.5607986093663662,0,0.003984076821640322,nominal,1.8368332171463155,0.33724747597462956,0.04655734918568941,0.487053667983483,ground_segment_compromise
549,link,11.248131949622573,6.53739673068429,6,0.5032612486981347,0,0.12225497570185116,nominal,1.9768097570489636,0.4257915905077223,0.10499809725035038,0.933816235196536,uplink_jamming
550,ground,10.280149695919654,6.337434107915418,4,0.21649545859815697,1,0.1071043303516016,nominal,2.051284422337255,0.5324140970871026,0.5953491474933451,0.6380757288793919,uplink_jamming
551,link,1.2508970874694278,0.6331520108015605,3,0.08530200325089193,0,0.002182694828533861,nominal,0.05530358384995419,0.07394882753099337,0.9306977864116495,0.0838783111569696,benign
552,link,0.9701890751584356,0.48575926394605695,8,0.009074609425989007,0,0.009701877243062726,degraded,0.17218069035639477,0.03214011969638807,0.9037230063270668,0.23042219574318595,benign
553,link,1.1858381884254625,1.0536747211251887,4,0.06251120863747842,0,0.0056943268309485465,degraded,-0.032708117285492805,0.024036709329345277,0.9417158250129999,0.18702953803300829,benign
554,space,8.697114900272638,3.133299413196058,3,0.38797144093509983,1,0.09611932595502892,nominal,2.098837783477123,0.2478395198537957,0.4861235097020013,0.9034729618636989,uplink_jamming
555,space,1.172728991444081,0.6826126312866799,8,0.1994587274129537,0,0.004475089656863399,nominal,1.6482842060236755,0.39859766196960056,0.5851764308580277,0.822643326497545,payload_data_manipulation
556,space,3.220189314205133,1.309716819437919,2,0.43716360543801425,1,0.02719425476444849,degraded,1.408229314594538,0.4615375823935819,0.2181766492626942,0.6240785300756332,spoofing
557,link,0.7755458063434968,0.41877792859531937,7,0.2997732749839428,0,0.00240535086515947,nominal,2.695728983477971,0.47877556901600693,0.46300086378644745,0.9517183773476995,ground_segment_compromise
558,link,1.5138268096541858,0.5801605782829846,4,0.02396879745601376,0,0.0026112684736145585,degraded,0.10436061695252626,0.04639196833075964,0.90637819153182,0.2862391809172726,benign
559,link,1.2908350364443966,0.0677392227395276,5,0.21870469615013727,0,0.007922170331553518,nominal,2.7068848241456296,0.6110911144734433,0.4953652035045564,0.9620643697138012,payload_data_manipulation
560,ground,0.2495989923689126,0.293261588992194,14,0.3265905033719796,0,0.016993267552718103,nominal,1.0000126947177537,0.47580717712647136,0.28837244016998637,0.7364270434907909,unauthorized_command
561,ground,0.20569157085007683,0.8373302707335795,18,0.2780329077450522,0,0.015126635729603183,nominal,2.223946429278962,0.5337825915931989,0.13856421553244025,0.4590625294005945,unauthorized_command
562,link,1.1789638499924413,0.11422460344079827,9,0.2019549911321608,1,0.008566530158063121,degraded,2.2133970653117534,0.43070630014080186,0.10403356850479785,0.4590312955041816,ground_segment_compromise
563,space,1.6702407555864724,0.4092110212123939,3,0.006106999446471903,0,0.00087953008368729,nominal,0.11132288382996075,0.07853570707400179,0.8844310329854961,0.1856030127206595,benign
564,space,0.506210002417349,0.1862774651035105,6,0.00023949959893868893,0,0.0062259379656269,nominal,0.10397897732782804,0.033995545292001925,0.9549443245218683,0.2840373516844862,benign
565,space,0.7236535231082515,0.353719499559327,8,0.004045130310878516,0,0.00031135737930569564,degraded,0.17288489176566252,0.052584648640541534,0.8230582519767201,0.27829281165257846,benign
566,link,1.268403734612452,0.25008701761519897,19,0.3061992848265834,0,0.0014536463117962972,degraded,1.657593945130552,0.4905730929235099,0.4494693474155224,0.7391039537343624,unauthorized_command
567,ground,0.9655693778968679,0.4700580355951991,6,0.05850319319466711,0,0.007862823072902253,nominal,0.13676122307175356,0.06888266659886519,0.945321604236255,0.1529227350127862,benign
568,space,1.027418470627003,0.5093771843479714,2,0.0017567371747187553,0,0.002124147325232152,nominal,0.20005089850364433,0.06797809125563074,0.9944969124552319,0.020479759756650295,benign
569,ground,1.4896298721434813,0.4500688923562161,3,0.049685442518903264,0,0.0018935622768066506,lost,0.07976520715683369,0.06907520511622708,0.8546057591351719,0.07335224920332757,benign
570,ground,2.0859013336983008,0.42330111681609023,3,0.0012277605368938719,0,0.0033989582116183336,degraded,0.043339127336916985,0.07010861031226848,0.9699350614802249,0.131284688621505,benign
571,link,1.3915778280065874,0.3862246049605262,5,0.12620977543088105,0,0.009956087115144261,degraded,2.1685049004494954,0.7280260230298927,0.16351870142412409,0.56450431450688,ground_segment_compromise
572,ground,0.6331113585963106,0.5928731587688713,5,0.10979881248679359,0,0.001008820280534597,degraded,0.06470844933049276,0.08502414118111329,0.9846564831406289,0.02187510357810162,benign
573,space,1.7518992938855629,0.5206742479977251,16,0.22808182123512918,0,0.016770698153074734,nominal,1.7303982601331105,0.4695710037282649,0.04509513920285091,0.6085349963869612,unauthorized_command
574,space,9.67657136763879,5.063403510860493,5,0.3307736286705314,0,0.14082939123369084,nominal,2.9903255233478103,0.3593883818940261,0.14003727103704403,0.9647554385065886,uplink_jamming
575,link,0.9645462858023105,0.7405556458651128,11,0.037213275429168836,0,0.009240819340907635,lost,0.10335968280478486,0.010826697133754212,0.8337944300075781,0.14001459672117064,benign
576,ground,1.2891490115051343,0.07331529935624559,4,0.0060753991613195155,0,0.0025700564347427724,nominal,0.12856107437297876,0.09600441947257185,0.9524570390463449,0.011745163283123394,benign
577,link,0.5764644468856386,0.504345116350841,2,0.30130887851134697,0,0.006167241127000736,nominal,2.2765963438620944,0.5086709150145102,0.179680027768551,0.994142730452391,payload_data_manipulation
578,ground,10.374368054977168,4.729373253459743,3,0.25679337220434534,0,0.10571253679898483,degraded,2.8253741721526087,0.5975882083307752,0.233498769908088,0.6926880890845595,uplink_jamming
579,link,1.2295606707048043,0.23161023916484014,6,0.3583383879669092,0,0.007801675222251225,lost,1.449131468567443,0.41920402164404574,0.4016884478315588,0.4102910084179685,ground_segment_compromise
580,ground,0.09885882199738694,0.7262915592690712,14,0.11418207608876486,1,0.004310865702090907,nominal,2.2241587812150785,0.36795318689797285,0.4740444761779648,0.8702217932565851,unauthorized_command
581,link,1.1929013875623493,0.6094910281959852,8,0.06232946018857716,1,0.00830837251159153,nominal,0.09289959134931365,0.05423124120557911,0.9094122429597252,0.28650847867977786,benign
582,link,0.7375914018535674,0.5809731385927219,4,0.009268594909825293,0,0.004638297318166321,degraded,0.1523356356887882,0.047466719453046737,0.8740007081150063,0.08544011227486525,benign
583,ground,0.7244418799796857,0.5822056245234885,2,0.6382192925564032,0,0.006249162621860795,degraded,3.020855745707407,0.5360964097233318,0.32464071519409343,0.9764427033396829,payload_data_manipulation
584,link,1.3759040328861047,0.4084646014023134,5,0.012460578609038441,0,0.006001239399394965,degraded,0.1411341213287072,0.05670634512794616,0.8427923461681591,0.29161262825298706,benign
585,ground,1.2267110418467881,0.6489538261972884,8,0.11395268048131689,0,0.006905385581155656,nominal,0.12656872150359544,0.022370446724379555,0.9958700048647786,0.09117026309174048,benign
586,link,0.26724643548803506,0.5713290158950282,4,0.09271264342907179,0,0.0015515977893834955,nominal,0.11449536413310452,0.07825447219937512,0.8716598827039165,0.025752683286174683,benign
587,link,3.52252076644239,0.8040587830210177,4,0.4626841766702478,1,0.04960439134939669,nominal,2.6108540697599767,0.38578852630813865,0.209668584470177,0.5275739137715878,spoofing
588,ground,0.23406473990704602,0.20521893981381095,2,0.03266216427392901,0,0.000157165830192878,degraded,0.15813475843447578,0.0386585633256956,0.9242148176940868,0.27498788459339374,benign
589,space,1.1394553590044398,0.6210809009525493,1,0.046456111631709776,0,0.008067147680447275,nominal,0.11607922701863782,0.05233016104951742,0.8402892963291588,0.25918710843450693,benign
590,link,0.5233257193425217,0.2227063071553752,6,0.09519981573275037,0,0.009888376327800935,nominal,0.08883274209145858,0.02754340491609625,0.8661733794091456,0.28639493879662054,benign
591,ground,0.6266202742275986,0.5511954292837542,3,0.03545562283987884,0,0.006617651547273958,nominal,0.07782852908824822,0.04459459264650782,0.921114054778786,0.20396186218415246,benign
592,ground,9.176902103394504,4.285648216715881,10,0.28798648189793147,1,0.14936449601320279,nominal,1.1405347935230765,0.6046954534428209,0.02094351544386557,0.7249849046998318,uplink_jamming
593,space,0.8940843117219528,0.35203199674570174,6,0.03939957800177656,0,0.008419584544183486,nominal,0.08960485052503797,0.04586046436887125,0.9550596036795006,0.24049732884241914,benign
594,ground,6.463293421458788,2.656960898348159,6,0.14701794276177815,1,0.1731013075101606,nominal,1.8725501922555774,0.6376885886175849,0.5157863463392377,0.9643819304837459,uplink_jamming
595,link,1.3814043447866475,0.494772426144408,3,0.018588678118470793,0,0.005992915822201413,nominal,0.11706239890739885,0.04350648993520331,0.8568639373956584,0.21440752017442707,benign
596,link,0.4936572183157536,0.14800822357014992,5,0.037389135164464245,1,0.0016562005941017134,nominal,0.06145931846929553,0.07867250039641893,0.8532456572634937,0.1809874531836052,benign
597,ground,10.382901431914705,6.001402910230065,2,0.24666263745119354,0,0.16376689354997964,nominal,2.0552090234730596,0.6000820497768414,0.44728022292423314,0.5474962795799299,uplink_jamming
598,ground,2.2183279276531125,1.0324036367316995,7,0.12673695692559875,0,0.046855903520007854,nominal,2.173523228798435,0.4963397337305053,0.15533324518230268,0.8527139844553387,spoofing
599,link,1.8699558308356352,0.9506666385313196,5,0.6167363865306565,0,0.011999308603102072,degraded,2.025521464169123,0.5008024241859267,0.4406240872060643,0.4725042708003755,spoofing
600,link,0.7448427461996505,0.36579703086750925,3,0.05522669994601881,0,0.00628495430089062,nominal,0.14427885408475224,0.08563369572933703,0.897589581851413,0.055969157890397914,benign
601,link,0.8595057856587004,0.3723573985390736,17,0.15021440722571353,1,0.0003887031036460398,nominal,0.8588491524503548,0.6469225277733243,0.16597336625622067,0.9848139522714779,unauthorized_command
602,ground,1.6803931777395706,0.32393676499840635,4,0.11874675775772765,0,0.006113055170553867,nominal,0.17995616204183673,0.04199760677397738,0.908540249451329,0.23970311140570758,benign
603,link,0.7084171413720218,0.5429176857777005,5,0.015980138459475504,0,0.009769314167973154,nominal,0.05042007802084408,-0.001558623845489833,0.9488443345618616,0.22952057231311113,benign
604,ground,0.89268966730739,0.09500933302135656,3,0.0001251128295078412,0,0.005966629069324815,nominal,0.09148577340870995,0.02645028052787118,0.9102062705360314,0.04339647060209305,benign
605,space,10.084582187995451,4.139700157808385,3,0.11550006033892712,0,0.16897562299910626,lost,0.9657182394979149,0.4949076822536303,0.31377496654093634,0.5438870023413288,uplink_jamming
606,ground,1.2815499637753627,0.6167951591027747,15,0.2226540766733918,0,0.0030770011073455363,degraded,2.526296587186023,0.5776427774447985,0.17487505059473815,0.4703630617323464,unauthorized_command
607,link,6.1925634617044985,5.025114084026011,7,0.19446550924045833,0,0.11010489218648795,nominal,1.4728099023772918,0.565302955329553,0.482251184582449,0.7317853516104639,uplink_jamming
608,link,0.6228085703178485,0.4283040718139348,3,0.06259979527977932,0,0.007510791939024363,nominal,0.15154687840181624,0.045869359269001216,0.8790451301444933,0.10001913833089005,benign
609,ground,1.1362589951147966,0.7060877571273583,9,0.04595775346838043,0,0.005744337572963584,nominal,0.06556527832773826,0.06338876743084937,0.8857127675611395,0.1075102896997195,benign
610,ground,0.9439367781943275,0.45568528228180827,5,0.006976238545840667,0,0.008174809350901403,nominal,0.05913994652489929,0.06780837170980415,0.8620043692432205,0.15837294838317728,benign
611,space,0.802377837285911,0.5174305140768722,3,0.04843105806620107,0,0.0011883913439395943,nominal,0.22292251715007083,0.03175474519150667,0.9178761876018348,0.170328367644324,benign
612,ground,1.1850290441839897,0.6598136146284599,4,0.34876317749382885,1,0.008150077769837578,nominal,2.2916861156357076,0.47716779156616373,0.5448792339363785,0.9669253851463265,ground_segment_compromise
613,ground,1.307927399075043,0.5464599976548741,4,0.14492040010110652,0,0.008323331406335831,nominal,0.163759695224722,0.060204839591782994,0.9623975938091835,0.05817756729593216,benign
614,link,1.131987154718079,0.24322922262827223,11,0.043892772899226266,0,0.006373048264283245,lost,0.07397985048802747,0.0289693753283061,0.819773267691203,0.012708579585834611,benign
615,space,6.296470507459164,6.086480122890382,9,0.3211941046699974,1,0.11415393636743071,nominal,1.7387926358112453,0.44331866821976607,0.4779291324278991,0.5729305497735202,uplink_jamming
616,space,1.4054568863078483,0.8230983887780161,9,0.06335047540955802,0,0.005604734821735018,nominal,0.09688797608379991,0.024314283631411006,0.9403724853648432,0.06815737595466483,benign
617,ground,1.2702512602855491,0.7892615209588412,6,0.1662542897306351,0,0.0027438244367075037,nominal,0.07707243648770114,0.03761519617400124,0.9131120586916082,0.25067854908231907,benign
618,ground,1.6593820391478538,0.39798268465620434,4,0.043674906834058905,0,0.005256310280003697,lost,0.08193849035428136,0.052449818507489095,0.813283280896287,0.1655484672670755,benign
619,ground,0.8560731777095522,0.6996734237741936,3,0.012349239138960424,0,0.009248824432676923,nominal,0.15894775416337137,0.04540396103812418,0.8945061270621801,0.10224503066100513,benign
620,ground,0.2162893678832375,0.517163263911279,3,0.4117441499377383,1,0.006107484949543095,nominal,1.6408234805846786,0.511845954873922,0.3558635730672987,0.7260936746251803,ground_segment_compromise
621,space,0.43405681073370084,0.6778571698428326,9,0.13950913044368982,0,0.0005850123287463582,degraded,0.15259598314939893,0.054159793258499116,0.9858697049381984,0.10081089924827956,benign
622,space,0.7892088442798536,0.7090112290462411,7,0.026771909935986323,0,0.0007268391100262306,lost,0.11087029263635018,0.07112576967492246,0.8296603469615494,0.2566008390906944,benign
623,space,10.795055513146307,4.325675252797616,5,0.4785383190739662,1,0.12295251726642431,degraded,1.6246434190596841,0.5842166719729404,0.3619132940427112,0.48740951639762103,uplink_jamming
624,ground,2.545775828183731,1.316467723765524,5,0.5253896076097936,1,0.03696946246512796,nominal,1.659130032942566,0.4704997291482864,0.11184830829979608,0.8480622667716575,spoofing
625,link,0.9512573870114707,0.6047997911168657,5,0.04378807881012773,0,0.00021439866623113258,degraded,0.19503245208610437,0.05786590276332962,0.8842679633222097,0.25620465913663776,benign
626,space,4.4297698159135175,0.9220849308955148,3,0.37221462865309624,1,0.04208577512409939,nominal,2.3386595732995556,0.5250709777857417,0.22766723212857085,0.9028795153632166,spoofing
627,link,1.0934167363804759,0.2060763391987419,8,0.060526314149393766,0,0.008353623541788925,nominal,0.1000111973997894,0.05330983128266281,0.9363070000416942,0.10170856492317291,benign
628,space,1.4830698304305243,0.6537516074441825,5,0.015842932617565076,0,0.0024550181102747184,nominal,0.04668648143064494,0.03361419428847162,0.8768600375121041,0.016602599565135854,benign
629,link,0.10532971050420792,0.5961025247530745,13,0.3840687743895872,1,0.003953957770871612,degraded,1.4445533035819023,0.5727191530349801,0.4746179262070507,0.7548148853958119,unauthorized_command
630,link,0.3511358121593837,0.20757790896091705,7,0.029528970552134305,0,0.0031827654611948043,nominal,0.027932912714231525,0.07578263670874891,0.8167616866974329,0.04821467546745168,benign
631,link,3.6564065654899722,1.2688604754011907,10,0.3888854767389463,0,0.04506718074833305,nominal,1.676080906188947,0.7322461433640151,0.4164396449135741,0.8606260309345057,spoofing
632,ground,0.27833527729493135,0.4441299505886157,14,0.18492641818541655,1,0.0007435057609929197,degraded,2.2500564148104334,0.5499558908249202,0.521855549740613,0.8781469394455779,unauthorized_command
633,link,1.442221218690869,0.6194905352433575,5,0.01190945704518739,0,0.002038783426215992,nominal,0.05721988890961296,0.06340734811747038,0.8754070993586358,0.002417486668660551,benign
634,ground,4.210021311445743,1.0834906154689532,6,0.295656680353419,0,0.01753579069601969,nominal,2.6074720534274847,0.5105770383524123,0.14096913770003563,0.6654825561961111,spoofing
635,space,0.23628062654449034,0.19928537008354597,5,0.16358352464361298,0,0.005035817774144603,lost,0.15271140877816008,0.031100854300371884,0.8995040020906891,0.2833681110801443,benign
636,link,0.5975870924574819,0.8518433207124858,4,0.056835254244189455,0,0.0037588395479567385,nominal,0.17021581409974762,0.05490471695788473,0.8665309001810103,0.177797594365634,benign
637,ground,0.7826238563708516,0.3997122927461176,4,0.10254052711910024,0,0.005088408481305068,nominal,0.15173366986527279,0.04665023296919084,0.9982303290296374,0.12669836373089857,benign
638,ground,0.7976752585649206,0.17235086818109324,5,0.1060665604793473,0,0.0037485227279680454,nominal,0.1688987166962707,0.09297412587874103,0.9718720449505642,0.03047164309339838,benign
639,space,1.257226855696809,0.5592100408268992,3,0.01810784259762858,0,0.0005265575945107992,degraded,0.12757697596275908,0.03489001103265788,0.9879636374867751,0.11877334522880506,benign
640,ground,2.174971923230392,1.755614229788339,5,0.6184813589554506,0,0.041228719828260894,lost,2.499911760531213,0.4232261981370618,0.2532031505074338,0.9522338989000221,spoofing
641,space,0.6191773805321181,0.6854868287866818,16,0.43278014443378515,0,0.007186703987745194,nominal,1.6068818649828926,0.41874314326271267,0.5314485202312994,0.5789542938258908,unauthorized_command
642,link,1.9216197966606918,1.503453976637461,2,0.19112861382790616,0,0.014394390282109338,nominal,1.76125420157945,0.49222059105625826,0.024263298727596805,0.935676013852396,spoofing
643,link,-0.3000603500994916,0.5196115824935754,4,0.7285565158299964,0,0.005773116331683575,nominal,1.9270142377286255,0.4990413733327604,0.4048085049471116,0.9809410741157023,ground_segment_compromise
644,space,-0.060306227829381776,0.9121377867455838,3,0.05324264209070999,0,0.009720489647757144,nominal,0.08510443360009645,0.0888965728313621,0.9752704226054383,0.13313845229391863,benign
645,space,1.2414630270200462,0.7493624921789188,5,0.047635895634859794,1,0.001285459576045105,degraded,0.05035028232141352,0.025744115058628832,0.9726261831678128,0.13455768236474472,benign
646,ground,-0.5049705401119577,0.35736153912677343,4,0.061407724461996854,0,0.009468673974959648,nominal,0.10738190501934584,0.030757129422813712,0.8493832990217581,0.2931435998401217,benign
647,ground,2.627935674668674,1.0842673379803514,4,0.5357936722578617,0,0.017573350139882822,nominal,1.741097367334942,0.5510903379086582,0.1271889124795568,0.6041351449134352,spoofing
648,ground,0.7990637692620376,0.43515584301529675,3,0.04966690507973431,0,0.004246374063903507,nominal,0.12631786148509988,0.034484036611693865,0.9721050452144074,0.039216095685028915,benign
649,link,-0.04301417438037225,0.3372670849724895,5,0.03842129036342795,0,0.0019275432188703956,nominal,0.09749597005717667,0.07943417796723781,0.8173174716358701,0.17773363223712427,benign
650,ground,3.9679117900980643,1.0229672031830248,3,0.10021790136242689,1,0.020269510985312468,nominal,2.501789295413865,0.4241425499757242,0.2565638924652179,0.8916007744183712,spoofing
651,ground,1.927764046644694,1.2496808765722625,9,0.21647938140050374,0,0.020113351326606452,degraded,1.5330290462909957,0.39755150009845613,0.07395337197052905,0.8834582995258042,spoofing
652,ground,0.2427929688009397,0.6097400952789801,4,0.11731381966890292,0,0.0025899845452809966,nominal,0.01933302991252682,0.0024037143513927633,0.8273760639383656,0.20628042867622012,benign
653,space,0.6328800261541789,0.34332127570854276,5,0.34945085336403003,0,0.00028101683617644203,nominal,1.8762157867942022,0.46106602923283413,0.36050545551954843,0.49617608429249727,ground_segment_compromise
654,ground,0.3415829577184183,0.7722174551250263,5,0.10543079795278358,0,0.007530102006876256,nominal,0.1348370843444213,0.10402826177979406,0.9308919785651749,0.1582560525882627,benign
655,space,0.5487745684531373,0.3054919806513493,5,0.043484084897665046,0,0.004129528961003446,lost,0.08062739081665854,0.055127612560522184,0.8096488246273084,0.1114869031073303,benign
656,link,1.1944393082793543,0.6504966754148437,4,0.10145180077898103,0,0.006185969615011015,nominal,0.11193000366330505,0.02853681710337529,0.9776215838022944,0.14206189406966716,benign
657,space,2.902654031107267,1.2336322923933347,2,0.08464755549860457,0,0.01692501756660623,degraded,1.1241220416050586,0.6128832746943447,0.5365368256441482,0.4421179668446282,spoofing
658,ground,1.5628362683420038,0.19325317966596373,7,0.21925679475087734,0,0.002859275596539883,degraded,1.8045218620330488,0.5197853479527855,0.550305261074439,0.84492408216858,ground_segment_compromise
659,space,1.2773193540659036,0.17521643148600652,7,0.035624529840517165,0,0.009335018767024349,nominal,0.11224486508563647,0.01664669467618276,0.8018411334781287,0.060066280736599816,benign
660,space,1.4952834137213946,0.37320130734869716,3,0.09856948707002704,0,0.0010280856173585395,nominal,-0.02637246850288369,0.04896969330591054,0.9500777854181404,0.02195252963040063,benign
661,ground,1.4298753805054538,0.6287618063906786,6,0.09495551360709782,0,0.009809177281788319,nominal,0.07235627709226605,0.07024451738273285,0.8987811987818711,0.15402688009454243,benign
662,link,2.1614845212111504,0.4643250160783454,6,0.008967920800831116,0,0.00814796172659976,nominal,0.06723362383996029,0.053899354119815175,0.8379392729700257,0.10135616570859111,benign
663,space,1.7786950788248332,0.29146051816334273,9,0.05399889617614754,0,0.005886917203634046,lost,0.06932007141309961,0.039913600620415386,0.9862716734412919,0.04382720993192583,benign
664,space,7.883929482283711,5.678549654621052,6,0.03643720133190891,0,0.07807679134827354,nominal,2.0264805449573062,0.5487522058695679,0.5847655265179449,0.8133198906553336,uplink_jamming
665,link,1.852055260433402,0.4334757686258095,18,0.44310081843589244,0,0.006876258072701789,nominal,2.250713183376753,0.40816245266171636,0.5629411933533796,0.42657563234925566,unauthorized_command
666,link,2.8182320132519214,0.650367542133683,6,0.6769206203465168,0,0.035840411637867955,nominal,1.0241117582024097,0.38953324522724847,0.03633135374475636,0.8120927295953776,spoofing
667,link,0.42841969697995985,0.20463987063680578,6,0.013269572641846816,0,0.005102268271991949,degraded,0.1451847954451325,0.04045193343303474,0.9664770731431714,0.20033843784197095,benign
668,space,10.537410905893747,4.485067637018796,5,0.35842188784604473,0,0.06043726753153686,nominal,1.6237389427090774,0.5153749528808478,0.15472200212880516,0.45653342724850443,uplink_jamming
669,link,1.8075021837773488,0.44627411182349963,3,0.015607097846534716,0,0.007927004505613186,nominal,0.08413257722776898,0.07492452508681252,0.8467239196956089,0.16271818928051984,benign
670,ground,1.7756405994506752,0.6350981694530939,4,0.0023636919957028186,0,0.008132623013506543,degraded,0.08574057766281704,0.06915035555286653,0.8238200115218711,0.024132960062800277,benign
671,space,-0.09274386792714573,0.7491442871988561,10,0.019365314410183358,0,0.008382911938541139,degraded,0.1737416985108205,0.048196220001509686,0.8417814864045854,0.28428194862147155,benign
672,space,1.5102460999707912,0.4096216061554315,15,0.5214909074204847,1,0.019910985294791385,degraded,2.251105022853504,0.48685081880107745,0.49699378118510557,0.6840526783800673,unauthorized_command
673,ground,0.5980982761718157,0.4390664332488688,14,0.421623440567997,0,0.010002961663287986,nominal,1.7131484278536742,0.5316273780259714,0.5359239531305051,0.7819266931460345,unauthorized_command
674,space,12.732429570411576,5.26894196274927,4,0.4926214892519375,0,0.10325959942473263,nominal,1.2370925086921054,0.4913331059750886,0.07332695015122039,0.6587202318668031,uplink_jamming
675,space,0.7249608838962032,0.438356814367834,4,0.07607521379191921,0,0.00204446367065663,nominal,0.10265203921352237,0.04605000098262672,0.9164741126316698,0.2960710999305767,benign
676,space,0.5981381695526573,0.40605404070208045,10,0.23548402285857398,0,0.002761673132040181,nominal,1.6385826024108752,0.28244512230124297,0.1947471954991675,0.5097325905379316,unauthorized_command
677,ground,1.4250716995791035,0.8461300603363962,6,0.06803538380039682,1,0.0072067032324913205,degraded,0.022143761961648523,0.060631920544704565,0.98887041669435,0.05193450777865346,benign
678,ground,2.20036855436223,0.5761040610632606,6,0.10702158075395919,0,0.007605020044172398,degraded,0.11334980484288541,0.04431423544461589,0.9673040388895158,0.24435239043915943,benign
679,space,11.297862112065845,5.578949203901834,2,0.40681830699606075,0,0.13561434271272202,degraded,2.3078776448225584,0.46967810682254413,0.3561101352683184,0.5244863965938825,uplink_jamming
680,ground,1.6133299171552646,0.5902976964949893,9,0.0916784610228291,0,0.004377995312747736,nominal,0.1222258771866476,0.0651505827841723,0.808027877633082,0.16397827904917336,benign
681,link,1.4931166976378005,0.4546675592552001,5,0.07269743238833641,0,0.0071950165504776585,degraded,0.09958196063642717,0.06951673783247636,0.9088507818701727,0.28694943743312956,benign
682,space,1.1152853208832398,0.45791485448815367,14,0.24990862756767035,1,0.010640269573267268,nominal,2.507940592107869,0.572862496436622,0.02975098231440134,0.7263841473858876,unauthorized_command
683,ground,1.5692150582808189,0.33313236268346746,2,0.0045273229817273195,1,0.0008051655859151186,nominal,0.07731578651695492,0.060479037478759996,0.8656617420715824,0.26101439898191753,benign
684,link,2.229382049874661,1.4561920288051133,5,0.18688865378805827,0,0.04064319996472885,nominal,2.092108614765047,0.5609951387331977,0.5604932062758038,0.8542999752475118,spoofing
685,link,0.8108297397740017,0.5972837663698563,4,0.04266448199455898,0,0.0015395732575184218,nominal,0.04726635000003705,0.08728445217584815,0.9437203325684285,0.13210775922785853,benign
686,link,0.8408997044568033,0.39120331732546326,5,0.015270272901757935,0,0.00611531594614774,nominal,0.222062792263267,0.062190197924248805,0.9133334907500329,0.19625049359757968,benign
687,space,0.17781277938143036,0.9053150827222535,6,0.007858485608777992,0,0.005515874589482459,lost,0.043946860932978095,0.07726726700147118,0.9767574124520289,0.20981128704329308,benign
688,link,0.7093767182096132,0.4318142229129688,2,0.05316066626870139,0,0.001305863575613102,nominal,0.0952338275954841,0.03874082537181055,0.9718621158465545,0.04040244539759893,benign
689,ground,1.113271375465498,0.7595833011321524,12,0.49427636462069696,0,0.00969482714799384,lost,2.9314345607000885,0.5124663393407557,0.23450012956033306,0.9047850108998211,unauthorized_command
690,space,9.391788270353373,5.647558414393621,4,0.06045962330699068,0,0.13813346029788182,nominal,2.0697443407967993,0.3011715020150798,0.14774226072372568,0.9182178754016154,uplink_jamming
691,link,1.4439832258159768,0.44210681573529936,6,0.019857757992565134,1,0.009504418025483442,degraded,0.1260989523597904,0.0014971417138288784,0.8885983077312637,0.09070312855170266,benign
692,space,2.271519169583824,0.2642314621504911,6,0.207365651697999,1,0.0020261881912527857,nominal,1.684159524922176,0.44956942685891094,0.4096515464039755,0.5844697569768111,ground_segment_compromise
693,link,0.94741713296141,0.7432013077822953,5,0.02118381388008792,0,0.009542313574764217,nominal,0.12822491020237486,0.026764973996471778,0.9989010208441118,0.003602748925279242,benign
694,link,0.4745048134514821,0.8172449064420169,9,0.15076178164011353,0,0.002551153933380007,nominal,0.16527479331876513,0.0771655147039238,0.8548694772310714,0.20957144553921983,benign
695,ground,0.20853963003942033,0.5919015533277323,7,0.004035858221265141,0,0.00018465904893235962,lost,0.0525479854392217,0.05245162137360946,0.9982803726099223,0.07324104624207191,benign
696,space,0.579169691514519,0.4018864850717323,5,0.03842398794906086,0,0.0014081921813379518,degraded,0.09683342967455791,0.04731631987666401,0.8449137238553504,0.1611833539645344,benign
697,ground,1.921503028666745,0.601977449584239,3,0.3510745299120917,0,0.0026514900221701067,nominal,2.4929741916573604,0.526697578312756,0.05239642353508147,0.9556488080721512,payload_data_manipulation
698,space,1.8392869821743787,0.2511441953470592,5,0.050629687317974764,0,0.005408595788250778,degraded,0.05191388610544345,0.05616652965479124,0.8686352774064663,0.20273542610136944,benign
699,ground,1.2517170539234554,0.2085085070982879,2,0.04642626200369241,0,0.004432859860792396,nominal,0.0521036080252366,0.08903858179034849,0.9260371138109145,0.24112648427075717,benign
700,link,1.038968648279105,0.37877786679805864,9,0.14122274742861535,0,0.007098009320691405,nominal,0.06594283939766885,0.05294916599157324,0.942908340290001,0.21094156298624425,benign
701,link,0.4132934868773399,0.6177891315042181,4,0.02080303093486933,1,0.0041734033516,nominal,0.15623070556150073,0.01698640962485281,0.8228644143617029,0.26512755850154657,benign
702,space,1.0876849384236613,0.539779134469835,7,0.11860158762748386,0,0.00034195449921188835,nominal,0.05515591892828138,0.04858542200957984,0.9581496237154953,0.022643374327208688,benign
703,link,1.3861510275345177,0.5317651798419302,2,0.07552444448540357,0,0.003945392082424255,nominal,0.11765821474406134,0.04753468209425982,0.9846001678779767,0.09775063185124362,benign
704,space,3.2610453942475175,1.4048327516916477,8,0.1536290537778032,0,0.030519153676573672,degraded,1.4585797355658283,0.557906157269467,0.22012103657173765,0.8564986180116703,spoofing
705,ground,1.2335454719967873,0.9629643183552217,3,0.025919237087377634,0,0.004187544979202146,lost,0.11250623988545114,0.04410221370593978,0.9347895836657184,0.07254584469617455,benign
706,ground,0.44875861658560523,0.5692787240698934,11,0.008962261292910634,0,0.005021484526369852,lost,0.0006051560244235005,0.07416695803761872,0.8340202492376341,0.09481538855066125,benign
707,space,1.0814296623096118,1.045365358932395,16,0.166173204387959,1,0.003961594611202024,nominal,1.83686626636606,0.48893418829097285,0.44567450084981997,0.7281975102031123,unauthorized_command
708,link,1.399987281255088,0.7199766547106938,6,0.07154030055303477,0,0.008487524666688433,nominal,0.15164871174570155,0.02380046891250001,0.897500455724056,0.10989094357870169,benign
709,space,11.836314830976148,6.14307239371167,2,0.565738263279169,0,0.18551003613395356,nominal,1.9730576243563078,0.42571578084723605,0.3975499586243693,0.8595749027833104,uplink_jamming
710,ground,1.5466226768450317,0.470798708619834,1,0.03037690140230252,0,0.0015082943766102864,nominal,0.11704078124863601,0.04753045434256791,0.8730433910267971,0.11267598628944323,benign
711,space,1.9650573510784648,0.38072001880403855,4,0.006367053349945324,0,0.003424999930081374,nominal,0.08343803455608026,0.055584802024419996,0.9190746733097788,0.10282212407665377,benign
712,ground,0.919790444991822,0.930791313208222,7,0.07600642733144843,0,0.001368788666372569,nominal,0.0231504531352736,0.013046679519395338,0.8138973649505307,0.145481709174829,benign
713,link,1.993287062535765,0.6019332418000046,3,0.02876630258219272,0,0.008943898536984908,nominal,0.1417458673713377,0.023031045019377843,0.8936601895199917,0.257404097270498,benign
714,ground,1.6987573659537296,0.24507262282890363,5,0.10974751443968135,1,0.006622126179001122,nominal,0.07334194354674047,0.04673598984503886,0.815517690337873,0.17899175998003622,benign
715,space,8.863558326573834,7.017775813175065,5,0.3580193360127363,1,0.08712015942520063,nominal,1.7545255251340668,0.6384871093794044,0.10154855846573671,0.4651332146635891,uplink_jamming
716,ground,3.396627939221457,1.2700488200333442,4,0.11628216976715243,1,0.0325040596959426,degraded,2.4694754556004104,0.31246216000817756,0.4939497616077183,0.8709935845972882,spoofing
717,space,1.3196010414775832,0.9264371333612758,14,0.24941528292434073,1,0.0104365494872769,nominal,1.782041533273236,0.6142830339556234,0.03489067233984069,0.7159093699129782,unauthorized_command
718,link,1.056707599099079,0.3954958141180726,3,0.0035025407543102316,0,0.008658414754199421,nominal,0.12256737739323165,0.02637612921141004,0.9834723970130553,0.13911952077939624,benign
719,link,1.6923513515013906,0.4182460237788517,5,0.0069225000731248714,0,0.009120678451256258,lost,0.01171187672409471,0.051049125344068046,0.8725318732571243,0.2807258914414605,benign
720,ground,1.0717175685026827,0.6984872722370249,2,0.05810477669210999,0,0.009364767867076474,nominal,0.1258640858244119,0.047629612723386575,0.9833362650160655,0.06997977057511297,benign
721,space,1.7069895842437464,1.4060064767764608,14,0.28089328217797,0,0.04855070599769236,nominal,1.9938617332489121,0.5283927887604721,0.1369921042781656,0.6291145751330995,spoofing
722,space,8.325255075328302,3.068335419647819,4,0.5264031878076648,0,0.10027746938281529,nominal,3.0355937302330736,0.4817528519496494,0.22181206964225192,0.527882262583873,uplink_jamming
723,space,0.47766673468437837,0.5909751601327686,15,0.22744074935836306,0,0.01952462513401949,nominal,1.59639216125778,0.4942133840785659,0.4235440015959949,0.6361980484333845,unauthorized_command
724,ground,0.5920028536562205,0.9242876144091037,6,0.05294575465297796,0,0.0007876093304636988,nominal,0.23278802244563326,0.06810530278504512,0.842860069876947,0.23470392242441734,benign
725,ground,0.5282298954858355,0.47193675439056804,7,0.05812871661856162,0,0.0004051952543966997,nominal,0.06204082269162478,0.03357427231854282,0.893318574687124,0.2693493238804258,benign
726,space,0.04191780936702727,0.29409509696084124,5,0.1022136469274105,0,0.008022213189713018,nominal,0.0550316360081372,0.07177769241930121,0.9113630235938787,0.26488573675424915,benign
727,ground,0.5827097112614202,0.47780167280694863,5,0.01011552609503674,0,0.00130365024176891,nominal,0.09586255080942335,0.06730551208721808,0.8081991821216229,0.2640893152255623,benign
728,space,1.0256019552869822,0.2543302469524191,5,0.05599300369564166,0,0.005971507044831474,nominal,0.10019942802555613,0.024847091244019064,0.9634952878609842,0.11066538671220169,benign
729,ground,1.0912814953476713,0.48413477630296886,6,0.09272637213500758,0,0.006109736467958812,degraded,0.09331638769583969,0.09114770383949415,0.81785621525583,0.11623248520657042,benign
730,link,1.1739770663033948,0.5620173816705063,5,0.026673709302298017,0,0.0007727172626717704,degraded,0.16328995421831727,0.029530324272626134,0.9877200631589456,0.19884092591272073,benign
731,link,1.7108732422977462,0.7868075329043167,9,0.5459115034469265,1,0.017340631975533677,nominal,2.12132217002876,0.4689556019456338,0.542586223192364,0.8740331834425306,unauthorized_command
732,link,1.0735961874792597,0.8124530221310139,5,0.028762229214318903,0,0.0008747960575092806,degraded,0.015799799110191776,0.03581942195370056,0.8097066901459339,0.22328428178824924,benign
733,space,4.014199415229713,1.2459070335074327,7,0.3214366902232945,0,0.019696883800242957,lost,1.514558563928076,0.5234095297171105,0.11041791880947724,0.9726132071949066,spoofing
734,link,4.005858984465857,1.056272437957292,7,0.47391364916713263,1,0.017834887403165495,degraded,1.5494225243305226,0.4760246675235859,0.01910504672885871,0.7940764027780192,spoofing
735,space,7.528724353025295,6.908959741265411,5,0.4978801960525042,0,0.06905311546794318,nominal,2.4212626789150953,0.6883261566866743,0.5984197089298222,0.9882755025127464,uplink_jamming
736,ground,1.5843613971156183,0.4509385027624395,6,0.025282084050224928,0,0.008055031112598632,degraded,0.09847105376173142,0.051147938159174886,0.8192151951276713,0.2503349872043289,benign
737,space,2.5839604605297586,1.3373519014501851,4,0.16940504774853427,0,0.03309225672758991,nominal,1.7408867479464185,0.6142827578416462,0.2891449628818952,0.5751801763905211,spoofing
738,link,1.0245333689941785,0.7153318071135302,7,0.2308473497006251,1,0.0014425326907781077,nominal,0.052151431971190945,0.05795592713684546,0.832490105568933,0.29574117681707646,benign
739,space,0.3430361769247161,0.4397157021510164,3,0.018495803426938687,0,0.009037249203738076,lost,0.14330105324923015,0.07949262255030244,0.899206577988283,0.08960519514424028,benign
740,space,1.3548508594387934,0.48664681424082173,5,0.0687411777927722,0,0.001073984236911325,lost,0.22677397093429702,0.07280281120104613,0.8465160545222561,0.2642261514170155,benign
741,ground,1.5114013749807649,0.8569117777707173,7,0.06838458013773478,0,0.003932464647920377,nominal,0.1794947797405347,0.035596920459568665,0.983559125222136,0.20002681839221317,benign
742,space,0.8686193610706782,0.7379844012489,5,0.1990751506793149,0,0.0022146858303187,nominal,0.20199106681097512,0.0662920796662127,0.933323091363907,0.20965120673826584,benign
743,link,0.8395728342889889,0.688330678188101,13,0.5006751648701604,1,0.005010028493918793,nominal,2.1170306554471567,0.38778475848914745,0.23518866774417607,0.787560510880563,unauthorized_command
744,ground,1.4146075216941334,0.25352141578781134,8,0.06027573609034646,0,0.008791814058915751,degraded,0.12777739863771373,0.03208599879769896,0.8054741384267404,0.20885259019073027,benign
745,space,1.7916020891416649,0.6129134389354401,7,0.6363640788867181,0,0.0034437139040453435,nominal,2.175914821659801,0.6266237437622417,0.45638876374681536,0.5091284188909524,ground_segment_compromise
746,link,1.40325992937465,0.28285773982194795,4,0.007640539603862204,0,0.00891875166934221,nominal,0.05852249025489411,0.05490277543289203,0.9112742992890823,0.14820824786006065,benign
747,space,0.11082584441150867,0.34830721541382703,2,0.005617857045642659,0,0.008509063221509997,lost,0.12097752209569564,0.017937674881395922,0.815373420676351,0.2399673912806451,benign
748,link,0.3821107916847518,0.46946979976760483,7,0.1923730417376332,0,0.008302846063624797,nominal,1.956613082596383,0.490537452739459,0.20575776563891005,0.7372384600353143,payload_data_manipulation
749,ground,0.6484217688720931,0.1933215822162539,2,0.023347093022342783,0,0.006802656287285745,nominal,0.05622189497833686,0.04287073172393914,0.8492531447961572,0.27990446193912616,benign
750,space,2.5709233490295738,0.7162389269664005,3,0.3532394691606635,1,0.03476640098650818,nominal,1.4956824348238058,0.49447647547783236,0.08597900580859512,0.48090781751123435,spoofing
751,link,0.07348673376224024,0.3928286546861205,4,0.04520256514668107,0,0.00877598373161419,nominal,0.17795911452411758,0.049024474709987664,0.9896489071444937,0.03474146680422232,benign
752,space,0.7141987616784922,0.8345460632586719,4,0.040267288016893464,1,0.0019017813552399255,nominal,0.02648563114989272,0.06505550740966251,0.8586223758266922,0.0968497168309407,benign
753,link,0.9127060050013953,0.6716746463944254,8,0.13563971598004979,0,0.008924261775360393,nominal,0.10098222279804231,0.04733782272965273,0.9434373779450543,0.2235240513486654,benign
754,space,1.37147253144006,0.31912570042005917,2,0.11823142503773451,0,0.005305230913648944,lost,1.8143194464674204,0.3188433168186104,0.2473905468498749,0.5414131983547608,payload_data_manipulation
755,link,0.9942954605724171,0.6021533177187827,9,0.16897335114600326,1,0.013927516997411316,lost,1.9437197354269107,0.605255049459834,0.12611106217292625,0.9192495290730662,unauthorized_command
756,space,0.9602573115953343,0.5665975465022762,1,0.03631510040315541,0,0.0030965527438046115,degraded,0.06470012475679829,0.02861810551575069,0.9457520928448928,0.29875916262921054,benign
757,space,3.854643422342823,1.1897376058444529,3,0.3503048792973691,1,0.04047252387503455,nominal,1.9670281958335218,0.49033915151431284,0.34313938059622195,0.978811333868105,spoofing
758,space,0.9091453039865987,0.43787415203262386,8,0.1897014953138626,0,0.015569366798303702,nominal,2.2467686471018835,0.5478681180650937,0.16880315162738205,0.7571917274697371,unauthorized_command
759,ground,10.312181476913704,4.4623706045141045,4,0.4719197342939848,0,0.0931631360843487,nominal,1.5075298553240555,0.5727252856179089,0.42044225960058135,0.7362928236868612,uplink_jamming
760,space,1.450948630494795,0.6304076210444136,3,0.11143699349184855,0,0.0024945126695243235,nominal,0.18153304935710785,0.09701973231469209,0.9435842646785438,0.06215444156833191,benign
761,ground,0.9432090658846057,0.210523733307382,4,0.10298322140950773,0,0.004315542899531073,lost,0.12688350591009484,0.029948703000048885,0.9774814947937926,0.29274956693481213,benign
762,link,1.6799976352812234,0.34125033339107813,5,0.008001755604159385,0,0.003934926711186098,lost,0.03686785574797237,0.06274912799860294,0.883686792015459,0.24043298061843427,benign
763,space,0.2834797976910729,0.9383276510109975,5,0.048913788398925025,0,0.00563817480575171,nominal,0.08654794540559588,0.03826510478539977,0.9863844871371175,0.188381247989838,benign
764,ground,1.0383664296964785,0.26600237846071695,5,0.3780679522932403,0,0.0034864447835571766,degraded,1.6187210782419696,0.3404104575385791,0.5346700046720256,0.46592918184112064,ground_segment_compromise
765,ground,1.141660859897141,0.5739026232632848,4,0.09962790424597263,0,0.0035963674317900252,nominal,0.05117872301342008,0.0695067146977752,0.94289923055687,0.16652557514184593,benign
766,link,1.560495159869902,0.6295377396519599,5,0.030575486789165666,1,0.009819287243501765,nominal,0.1673095695078413,0.026220873223635238,0.9497670571793434,0.09436713480768835,benign
767,ground,7.695720138519632,5.554142926512749,8,0.2947113845063926,1,0.1933717614761562,nominal,2.064682169139875,0.5589155211218865,0.2782724734532118,0.5084863810225811,uplink_jamming
768,space,11.114912000945349,5.656423018077778,6,0.5581580794948974,0,0.07033173254172723,lost,2.5590076843964575,0.4721062164555739,0.06774620331532555,0.8093203635599167,uplink_jamming
769,space,1.192434923883857,0.35461228048559446,9,0.012716433929220616,0,0.005022944086937836,nominal,0.1661613473887456,0.06470482888579246,0.9855228470296113,0.1940580672051665,benign
770,link,-0.10713409294227572,0.6635069019690596,6,0.11593188811328117,1,1.4257282875326239e-05,nominal,2.009683663743657,0.5582730558327563,0.589809858423689,0.43479854348362507,ground_segment_compromise
771,link,1.2704919111009838,0.5976192003407675,6,0.00022665533208458507,0,0.0003329778356517199,nominal,0.024011641096113506,0.04427158810034885,0.9527079470182773,0.27454237087649597,benign
772,ground,0.9644815793936089,0.6288137085989913,3,0.01285316659365655,0,0.005162330979358292,nominal,0.146867298904785,0.019406151259966913,0.8345171588098544,0.1239163043860194,benign
773,link,1.673336500700573,0.5746244794182018,7,0.0416884781106603,0,0.004303926180160754,lost,0.13604945767154597,0.05186916983532706,0.9457130423266542,0.1034948537087635,benign
774,link,10.78408900773701,4.2482325598971435,4,0.2540080853744355,0,0.18385555559762934,nominal,2.6166284658599936,0.5102816787254195,0.5552056864620678,0.5320059868371831,uplink_jamming
775,ground,1.1001232129696035,0.5958005248183977,7,0.08703245468804095,0,0.0009318878597231284,nominal,0.15732359387439515,0.06581372420051682,0.8491607712555732,0.20215961817590644,benign
776,ground,0.23197953474771782,0.2807766922805143,6,0.06555340734771961,0,0.008557580044005302,nominal,0.15773633598676015,0.04582915690998715,0.9449044004668585,0.09029595277853504,benign
777,link,1.3045276731220763,0.5023472739443872,2,0.022242478382178212,0,0.009868768469417205,nominal,0.005482909886647319,0.03427327792245437,0.8245238440914877,0.08883513918357268,benign
778,link,0.90843506936033,0.7803506884608069,21,0.22025746414066266,0,0.0012570135651567016,nominal,1.9248523696994333,0.35180529869273225,0.2756649071241908,0.7737256894123622,unauthorized_command
779,link,0.7065145069897684,0.5663927857133108,7,0.12410891090937502,0,0.0017770446119681404,lost,0.16692597542906362,0.08475809523670501,0.9267419486846222,0.11479234651967145,benign
780,ground,8.04980228842612,3.488191942470805,7,0.1641629594074894,1,0.09910004386247448,nominal,2.121140636471355,0.3604134721575201,0.5208879892371939,0.46260103172144945,uplink_jamming
781,ground,1.0254943490396944,0.5104686249302982,6,0.143487166089818,0,0.006079882311965377,lost,0.10034924581279694,0.03727603117595743,0.9397196573454079,0.1628839753715524,benign
782,link,9.846878252765281,4.083460157542978,11,0.2270135273015924,0,0.11543109447235546,nominal,1.7045007656143225,0.4453267590404742,0.2827421956802219,0.9332011595942913,uplink_jamming
783,space,1.0468139307276527,0.38326101944761526,2,0.10410065243069216,0,0.0033585431586083216,nominal,0.11638131086642076,0.10359257387800005,0.8983587960125314,0.21998348876029547,benign
784,ground,0.6977430697201025,0.37212984050424075,8,0.04238939608402387,0,0.00021970570802507417,nominal,0.0820296427003199,0.05912815702708489,0.8351287665077733,0.07601357845738543,benign
785,space,1.304954561327322,0.4711024317111141,15,0.07771975376544941,0,0.017427146824644156,nominal,1.5468909369036528,0.6306554067734501,0.35243015716118825,0.5864570172234529,unauthorized_command
786,ground,0.9940058036096285,0.7736771596830587,6,0.6672693376645499,0,0.009566343228639368,nominal,2.463380353777608,0.6848832498764862,0.07563156537144412,0.5409152157991604,ground_segment_compromise
787,ground,0.8998730865936122,0.8977769277509706,2,0.0058149030358404154,0,0.0066700153268086475,nominal,0.1253232530964044,0.051507769384686965,0.8962486910753673,0.2224184916839249,benign
788,link,1.1684969200482802,0.3269581892295506,7,0.002964005505184748,0,0.002976645059293143,lost,0.06946186721341314,0.0521333931073409,0.8510627602342542,0.19150629146564332,benign
789,space,0.6704044996526941,0.6223927308815189,11,0.13342291112898594,0,0.015866363426688998,nominal,1.7706514592956595,0.4382629597632546,0.5835537220509344,0.49060787045626375,unauthorized_command
790,ground,4.4005543865008026,1.0392317406832592,9,0.34439210113079527,0,0.018618131078225734,nominal,1.6198977106223085,0.48848345938133686,0.29906510426099664,0.6965885488300358,spoofing
791,ground,1.565871044690264,0.5308308132850561,3,0.055277854047897736,0,0.005141705467076019,nominal,0.049621925814054196,0.10309467794834443,0.8133331102551647,0.19543775571482105,benign
792,space,1.104689976394821,0.6225252754674225,5,0.0006349104399330031,0,0.007232899483428164,lost,0.16706650347748403,0.051848422946784725,0.8412885384258139,0.15823231366733354,benign
793,link,0.6105420243549864,0.47367242656957603,7,0.03503256680762953,0,0.0012161898636324298,lost,0.05669807025935053,0.0462829320971961,0.8162179256657168,0.23069035293101212,benign
794,link,0.6770797898139749,0.48310752920808064,6,0.005190267343201349,0,0.00454316151878391,nominal,0.09729570368462595,0.05484889643759663,0.977283277561275,0.15289632487256347,benign
795,ground,4.229183625940799,1.3613401624760944,3,0.3283136610277521,0,0.04604524957144687,nominal,2.2965580602001623,0.5760201632625531,0.3545999754515723,0.7236509156520803,spoofing
796,link,1.5552182345348409,0.3811763998875054,7,0.03325133486261244,0,0.008515308052874938,nominal,0.13222680031172646,0.07102861512324973,0.8160127325320453,0.24620640062827553,benign
797,ground,0.9576893390703975,0.3719223540565506,11,0.009251901236701273,0,0.0007120009847449816,nominal,0.14906982824485615,0.03256504729421898,0.8955048071842575,0.11251238834847055,benign
798,link,1.0215122425075633,0.7134935702141372,2,0.009593221499544887,0,0.007292519731284146,nominal,0.09409651220389273,0.025105544061624678,0.8404168629954878,0.26688041853731836,benign
799,link,0.9468956541405005,0.2339452405413222,6,0.28228093731629617,0,0.002234273167496692,nominal,2.372234086501879,0.2827576360897177,0.1913122623689255,0.9168443089325088,payload_data_manipulation
800,link,0.9626268991256226,0.7347492838613974,3,0.08765659348797002,1,0.0033097869378817956,nominal,0.11814041382763434,0.05239728955510157,0.8672593082539516,0.06380343840290982,benign
801,ground,0.9364219852716348,0.6952995405545779,8,0.01621498110698925,0,0.008938897627221916,nominal,0.07317231229314866,0.04425587640433462,0.8043577899524511,0.23679690310834905,benign
802,space,0.06596857934618972,0.2642344821669883,4,0.012552512876515277,0,0.005463684910261374,degraded,0.11587618811246281,0.06713350796269173,0.8760688342499079,0.055388162021194606,benign
803,link,4.751674453777894,1.5444741805499045,3,0.14249973518630224,0,0.04656753696534044,nominal,2.3521265475104602,0.5309859944367681,0.019751152058372256,0.8874706790323564,spoofing
804,ground,0.6074075498132792,0.33237473680415097,1,0.07284230369369023,0,4.231285601523638e-06,lost,0.13786963559495685,0.012446327927193815,0.8874553538228781,0.019730330950372698,benign
805,link,1.1908223977204835,0.7880220240138347,6,0.31267658459738534,0,0.007944412009213938,lost,2.036680494084438,0.5382540820495068,0.2115167107583108,0.4460866165839523,payload_data_manipulation
806,ground,4.007763075651563,0.3226489634373858,4,0.32938748530379547,1,0.032217652097633054,nominal,2.3618224117039723,0.5679965163087377,0.19327928568978459,0.5984434861395791,spoofing
807,ground,1.4788100476968333,0.46677187201382664,4,0.09338959391304094,0,0.002073126732427414,nominal,0.13666284635624568,0.04797247361850807,0.8290423373429342,0.08757107719689446,benign
808,space,1.0096537646130652,0.26377390735227,9,0.0431614992631697,0,0.004557274006802463,nominal,0.10158743788118964,0.039666457859320624,0.847678488437802,0.0012591482491695616,benign
809,space,0.184132300111143,0.5958670898882659,4,4.9600706643438784e-05,0,0.006986102220544285,nominal,0.06846772606593937,0.03349666307553084,0.8660895395237296,0.1423639279344521,benign
810,space,0.4165853575394456,0.47161481527862387,2,0.05277846055858379,0,0.0040499703887694775,nominal,0.12486089902265969,0.05110416017984667,0.9029004329714184,0.1404306133348816,benign
811,link,2.0701520516073493,0.7072322972055581,2,0.3829291068142704,1,0.010665578568078012,nominal,1.833384801420733,0.5441600859833234,0.10219898062192172,0.7371128103276392,spoofing
812,link,0.8023536115697747,0.3218607829475445,9,0.03708053066626492,0,0.005828860015472177,degraded,0.22426569622668432,0.05272249268151689,0.8019544462838963,0.23406197166035728,benign
813,link,0.5478530800326609,0.4779637405487435,15,0.22792939565200226,0,0.006703062852446413,nominal,1.9982814702181164,0.6260299887719585,0.39149962836550267,0.7940650249959833,unauthorized_command
814,ground,0.04842839701316093,0.6080848005060858,15,0.022572098203393433,0,0.008484744905905468,nominal,1.733159350067157,0.53466063404725,0.13296551294349052,0.627792409521204,unauthorized_command
815,link,1.0110338504684317,0.09113390475978506,7,0.0439667580420606,0,0.0062390703285789655,degraded,0.11001973924381758,0.08117256034140172,0.8124140273417023,0.02695737540001405,benign
816,link,-0.09682396312943675,0.3645072820382891,14,0.5771907644536367,0,0.017794494819999385,nominal,2.8912973171572927,0.3900610048361883,0.41910592944078595,0.48702596300151235,unauthorized_command
817,ground,1.1320152503017742,0.5008740503165933,6,0.1183209152400748,0,0.008042337890322267,nominal,0.14537661503963484,0.0718048856731613,0.9584701928709861,0.07700956393936957,benign
818,link,1.9594583707980253,0.14868608093309688,5,0.08917700918730097,1,0.004932921760875567,nominal,0.15665584760713752,0.04808400903975338,0.8635495129096256,0.041933089781442875,benign
819,space,1.8447332883330738,0.3705358796996936,1,0.018017011011386776,0,0.0032456428425547633,degraded,0.12646414960155739,0.04954438739109831,0.8484344246094555,0.21637622922892186,benign
820,link,3.4270924607622364,0.822967478160178,5,0.10706220113852036,0,0.018726999051118885,nominal,1.8809147966922468,0.46688480622262407,0.3570473613023128,0.9859963823260853,spoofing
821,link,1.3491995606647005,0.7233958855280257,3,0.023783617120072265,0,0.0029190961379034364,degraded,0.07016881530082755,0.002448603401457951,0.9070058425537568,0.18848796854446578,benign
822,link,1.3501109556411446,0.5772066886895522,3,0.5882972556196101,0,0.0031749928759456903,nominal,2.1846013643847524,0.5767201674868132,0.4500997898258744,0.8483140726634016,payload_data_manipulation
823,space,0.6923001623875907,0.42801889256335035,5,0.2036338765305763,0,0.0013963839922991228,nominal,1.0103351525017992,0.4837087806623765,0.08744470552438663,0.5379937679748672,ground_segment_compromise
824,ground,8.7324227084444,4.681857367338573,5,0.19361898167493435,1,0.19782790353542984,nominal,1.8529528458056832,0.5906343235397152,0.42002042457891325,0.48921063541401805,uplink_jamming
825,ground,1.1053177226075293,0.7628563158174306,14,0.14401126379769022,0,0.0017727246778618522,nominal,1.768541526835175,0.6331943665106737,0.5282272351117046,0.9098444368872252,unauthorized_command
826,space,1.0400866943627314,0.5122620795112074,11,0.6406057950380312,0,0.013884637576462744,nominal,1.915959507797592,0.5745673523473585,0.28706210282452593,0.7367233918593217,unauthorized_command
827,link,1.0354231980261421,0.6976896043691749,10,0.11786507054520202,0,0.0019022070409531334,nominal,0.05022213757897005,0.05549048459569018,0.9165065660975628,0.026655445521429243,benign
828,space,0.6913481649905916,0.28023008779986325,4,0.04952078072278995,0,0.0036859869518615896,nominal,0.2258127209413374,0.05133451038310946,0.8301316463977837,0.26358927785190217,benign
829,ground,1.3405103840813133,0.5053823448282723,3,0.0033970877705028196,0,0.0010888161603116574,degraded,0.059197899950567456,0.044574573610860875,0.9464480500411778,0.0963059431652699,benign
830,ground,1.6912166704527163,0.2311307990338896,5,0.005637139649848333,0,0.002712215203841182,nominal,0.1283997269762121,0.0504005467960806,0.803746058412084,0.11748056427646664,benign
831,ground,0.4659878120544112,0.8709811703759327,2,0.036090165450844106,0,0.0036816351385128743,lost,0.12603783866907306,0.0233193074236298,0.9635958552850988,0.07488610135307275,benign
832,space,-0.45590197235863283,0.21107174938631712,9,0.40370456719318554,0,0.006449637707451962,lost,1.6234055436057668,0.47045191860992175,0.5749790898427803,0.912804322150181,payload_data_manipulation
833,ground,1.197460883604013,0.1960464234379921,4,0.12346583376653142,0,0.008351261633432042,nominal,0.10089588691109584,0.0283433187483391,0.9058326201911325,0.1543339284405929,benign
834,space,1.2632926814447019,0.7206030949339146,7,0.021038492521459194,0,0.008770469246077496,nominal,0.11153329599667774,0.05579855117217548,0.9997446509075427,0.28591562166049234,benign
835,ground,12.642607398403575,3.771621870683642,5,0.28175062501914505,1,0.10976769563692837,nominal,2.619839206240283,0.5411319153227833,0.15667647693544817,0.4570580016094684,uplink_jamming
836,link,1.1479398084862333,0.4253126951198315,4,0.004834362348032146,0,0.00514235482853053,nominal,0.10623032211929655,0.007049768558582352,0.9417913607525695,0.17080408334791564,benign
837,link,0.5268355132063436,0.6213650224882676,18,0.532038497424423,0,0.0010470890037159752,degraded,1.9211736604582683,0.30901048316549845,0.2427591997006707,0.6226918277681048,unauthorized_command
838,ground,12.235264883207915,5.501852049359891,3,0.11428691717330679,0,0.1024211743937254,nominal,1.5688465319181595,0.44130417900237157,0.5831434095910023,0.8303966722245217,uplink_jamming
839,space,1.19262890842679,0.08408286672374216,16,0.3258628539308607,0,0.013338380391499389,nominal,1.8227467559875086,0.5413047355017959,0.582639499264379,0.47656138498908485,unauthorized_command
840,ground,0.2106899257854471,0.6927741037998812,6,0.07296656095548108,0,0.007724077221232417,nominal,0.05416806533182265,0.047772911952289776,0.9213890825676407,0.03692635602098116,benign
841,link,0.8949221979045627,0.6299886035624788,4,0.011100065870021701,0,0.002349062611312386,degraded,0.06660291647702477,0.038766788861491486,0.8019907251426729,0.14149292913051706,benign
842,link,0.2680980433771968,0.5579744393214262,5,0.0018816450718878604,0,0.0020602199968160783,nominal,0.16872344367155517,0.04643780536716365,0.9617970801342377,0.2768474893795114,benign
843,link,0.22981448953381567,0.3217005281103397,9,0.02499761213746882,0,0.009417280699504742,nominal,0.09035475369885757,0.022663912097750323,0.8041988141702908,0.04678099174626975,benign
844,link,5.143444818543648,0.923021549263143,9,0.14753400044823517,0,0.017570940006715018,degraded,1.9237501608450402,0.443332940703856,0.5419240007494737,0.41258979777178195,spoofing
845,ground,0.9150614704909108,0.572343662000546,3,0.04206586049754177,0,0.0024181441903715272,nominal,0.14301387123126688,0.03949153953694399,0.8978803170527454,0.04016189073382354,benign
846,space,1.0884961054611153,0.624853830868165,17,0.6860800833653744,0,0.00932382072657877,nominal,2.6741877241690233,0.3248036465294418,0.1581446929208303,0.8565779906564852,unauthorized_command
847,link,1.9009240128179452,0.8471761798980357,3,0.013912142675448491,1,0.003202586645129828,nominal,-0.05998802811817694,0.03321574976951222,0.8155490887797339,0.07855515942252425,benign
848,space,0.5236919752924344,0.7850298584950899,4,0.3657958894496859,1,0.004520765706791206,nominal,1.6951740871464112,0.4733705286426057,0.23637676520425513,0.7586705857705504,ground_segment_compromise
849,ground,1.3832279799248544,0.7865976553419156,9,0.15434981913738371,0,0.0076053220210443645,nominal,0.11528505953748885,0.06102873076351091,0.8416093308532538,0.2628419354052022,benign
850,space,1.3629105740193985,0.43798165670295297,9,0.013430428819097283,0,0.0009611033104239109,nominal,0.0989952801660532,0.03913465313681299,0.9719453866795706,0.14771031827559897,benign
851,space,1.2031411929111722,0.47488531371890974,7,0.005107202132699463,0,0.009937148082595793,degraded,0.13414455538365044,0.08726055694367552,0.8275340528522014,0.07344744553869716,benign
852,link,1.2893392230251188,0.8016165700288042,10,0.002634577258643261,0,0.002026719063073047,lost,0.19829729260032752,0.04302804566930342,0.9823549094048286,0.24763107468149953,benign
853,ground,0.7182634404271672,0.7728126693716866,8,0.029065109539850066,0,0.008049266783230417,nominal,0.05443232992650867,0.0385143624579945,0.9011609246035335,0.22515447829163224,benign
854,space,1.5023460292648094,0.17076073992425833,9,0.05420930761576513,0,0.0009537380789802752,nominal,0.09803300220363197,0.08586121983620965,0.8863866846726953,0.12309168406797454,benign
855,space,0.8620018213413874,0.3643443208388134,6,0.0007460769089403302,0,0.0011442068015602269,nominal,0.09417189224003808,0.03672887592465176,0.9504687946017683,0.22243198561328073,benign
856,link,1.8553338707603888,0.5635443470025868,5,0.09864297608919576,0,0.005690731955900737,nominal,0.17561828986856348,0.026828616849073384,0.865986004168495,0.26314761248101587,benign
857,ground,0.6933730926749642,0.43221829086483327,5,0.00980762815791237,0,0.0006569042934064672,nominal,0.1996691750291207,0.03839289994294538,0.9781280772561234,0.18677354706638963,benign
858,space,1.9736642434521414,0.6001528070596334,4,0.24276315436906848,1,0.003631033206095512,nominal,1.7546394372621723,0.5248735074072205,0.23023605569476385,0.45615120464245573,ground_segment_compromise
859,ground,0.4484767762618267,0.6741635103726928,4,0.004754582817606802,0,0.007846759807288776,nominal,0.08741165864648155,0.04523108665700876,0.8629819095053433,0.17780341977412364,benign
860,ground,0.594892716594453,0.7403673612122427,8,0.025113057628611043,0,0.000644903638950427,degraded,0.18561963091742184,0.04773696531377936,0.8470409986195463,0.16837614623835032,benign
861,link,0.3467370541152429,0.2999664897102509,6,0.05567044721664225,0,0.004143831693562766,nominal,0.09741434443459772,0.03254477858422924,0.9713396446255138,0.1655922585815339,benign
862,ground,0.4595802397980209,0.5314348384888163,4,0.03654222773518888,0,0.0034273402736375723,nominal,0.11103983434723502,0.044713586166613806,0.9069225348592863,0.26649657799457055,benign
863,ground,0.9180274559514291,0.11534125577744508,7,0.01686136754901214,0,0.0010926611135489738,nominal,0.12640693958133442,0.05646355759032411,0.8461296948370579,0.025572089338846183,benign
864,space,-0.14045605410391993,0.5031136549625207,7,0.07740577379735943,0,0.004320427135264764,degraded,0.17903635211992583,0.03177640829712802,0.977790451138128,0.23166791201570383,benign
865,link,0.5420940979122377,0.5936784840469856,6,0.21861986488498927,1,0.0010039591905286105,nominal,2.485646739701355,0.6862529951875271,0.08117978250770094,0.6841715926244891,payload_data_manipulation
866,link,1.5400605019029028,0.5270176647101348,4,0.007993373273327444,0,0.00011521012026043387,nominal,0.0010991764478285593,0.049849209164266856,0.984305371279508,0.16097310533503023,benign
867,link,7.0201275907195555,3.7361284392662837,2,0.2505031815957643,0,0.1740465315831421,nominal,1.7786142216569016,0.5980338670217764,0.3708194905086823,0.6937548142333603,uplink_jamming
868,space,1.2830287294160336,0.40330321831923677,5,0.6967270532775715,1,0.007088571132042747,lost,2.6606055630387884,0.3386098544521008,0.27165039111482153,0.8667916712323044,ground_segment_compromise
869,ground,1.2982240940071452,0.5498746359359891,4,0.001091958735761167,0,0.0032392808156576983,nominal,0.12181525353983957,0.05181836501712642,0.9898224107455478,0.09872932769223063,benign
870,space,10.403184652826408,6.172697577185067,3,0.4023838686473792,0,0.1352532568979931,nominal,1.1015041763602995,0.33823785413738494,0.36463364870227577,0.7455462804504378,uplink_jamming
871,ground,1.2248563037482543,0.7232113310560901,3,0.04825185095758834,0,0.0002761605726227012,lost,0.05914006804936892,0.036908481510007946,0.9051914198536082,0.019511789805210986,benign
872,link,0.3263425292258191,0.43317130077249066,6,0.010038848579005943,0,0.008173624033727843,lost,0.1000377545538923,0.027110348101847686,0.8803739031298499,0.22277795539266904,benign
873,link,0.8952664425714059,0.48100872609937584,12,0.32901703397901505,0,0.018049070784110412,nominal,2.056949959451592,0.6223112945068303,0.3066963576247901,0.4962154633623401,unauthorized_command
874,link,0.5139221733025789,0.4586832604343992,17,0.348345887331373,1,0.01095801913974218,nominal,2.0653790344661926,0.582077472395268,0.05336114685328086,0.6103568033656808,unauthorized_command
875,ground,0.5462655284787423,0.8402847480880741,4,0.31039790223341174,0,0.009343300082169445,nominal,2.401166388942233,0.45621778771383475,0.08214947548613434,0.8349478857114059,payload_data_manipulation
876,space,0.5500710141823659,0.8577838702358569,4,0.025045445225452986,0,0.0071622282501161705,nominal,0.07366428034783393,0.04651698985748885,0.8933291601502751,0.298388786397466,benign
877,space,1.13910229801049,0.5311158938461278,2,0.0250892848061509,0,0.0005862955909861545,degraded,0.10551223160595895,0.07135915488516587,0.834222266667486,0.27926192787435605,benign
878,ground,1.212172471930701,0.2584834283563314,5,0.046862496632766135,0,0.0025564367155896262,degraded,0.03755349577692705,0.048963216084755824,0.9674775631883766,0.23904363560407624,benign
879,link,0.8751136939798083,0.6057078403662803,10,0.11855762170402419,0,0.007418668600865923,degraded,0.09682128613973663,0.028482681490220672,0.8521317596894908,0.2869526238704235,benign
880,ground,4.256516636005701,0.9131528108512168,4,0.4730708401667292,1,0.026183673321835313,nominal,2.4980162490708406,0.5488811195941494,0.5335353612509361,0.5824447532988108,spoofing
881,link,10.750352229999628,5.53030993624796,5,0.23715260582136533,0,0.19205470953851417,nominal,1.722182055911992,0.572735258226886,0.4238858923316417,0.8108335223327992,uplink_jamming
882,link,-0.02986261343926455,0.19050443475916207,8,0.07867164580097917,0,0.007456089284998436,degraded,0.12097811061345276,0.047486702310875144,0.9966972108383204,0.06062115028984779,benign
883,link,0.9361869106747573,0.4631508042291905,10,0.017776791838267848,0,0.0050355854632552245,nominal,0.06692560573592402,0.035408541335592195,0.9543636424205282,0.065225050276577,benign
884,ground,0.7957900749343415,0.5370468952261984,2,0.11239328023847003,0,0.00738260680749041,nominal,0.15532301014072414,0.0378721862105449,0.9579953160123601,0.28578055852294854,benign
885,space,1.3165975893359576,0.3671464270082836,4,0.24106178457613525,0,0.008045466921425331,degraded,2.98935534211901,0.3609817514608717,0.46633711200099465,0.8418338740300269,payload_data_manipulation
886,link,0.6975121216472775,0.34716383366530684,2,0.3263492565972267,0,0.002762653791314248,nominal,3.3604757117177004,0.45800536317645923,0.5382016766266271,0.9292557872493964,ground_segment_compromise
887,ground,1.1239995822780178,0.47173709392888635,6,0.015267464805091703,0,0.0014103601093520214,nominal,0.06239523397732527,0.03168234865791304,0.9338241367133522,0.07760257208384828,benign
888,ground,4.21934949028985,1.2367719860988975,2,0.11342839712495276,1,0.012655050123376341,nominal,2.068033502406778,0.5890962963752322,0.14583446436282474,0.7574126409808373,spoofing
889,link,4.176347958963486,0.5044949534527012,2,0.14429875509146722,0,0.03317454469306189,nominal,1.6741479258908831,0.4451603212188817,0.533000776067256,0.9456994257644297,spoofing
890,link,1.1331076300764535,0.8501682143300056,6,0.040653084653700114,0,0.0033217924990331326,nominal,0.15193639499574563,0.025236777113290827,0.929016900705966,0.17334645188148415,benign
891,ground,1.7554718403814307,0.4907241849471163,3,0.08660492591185165,0,0.004942853114048491,nominal,0.022586335211425113,0.06763885069688354,0.9086165778211566,0.16976692681272973,benign
892,ground,1.550878032484659,0.4971236636980791,3,0.06182394837016381,1,0.0006800028364757738,nominal,0.033097354973254084,0.08530818426946361,0.9843669019934215,0.14986869334207062,benign
893,ground,3.232483622513339,1.1060834811175193,4,0.38570400039063174,0,0.04387090326363493,degraded,1.7606103199070788,0.4378078137620358,0.2772130703761446,0.5129256258726073,spoofing
894,link,1.0263391071255845,0.27677032918335537,7,0.0013022050145358765,0,0.0004947819105413931,nominal,0.1364055415173756,0.05467903997297651,0.854167832967591,0.07311559367441403,benign
895,ground,0.6936749892614484,0.2568353395206642,5,0.12234711500464507,0,0.005229544551851182,nominal,0.13845944080047926,0.05817885533801907,0.9605696845939458,0.19417131629591766,benign
896,link,1.055716166362156,0.46396176206721984,18,0.2968462200840474,1,0.00889605982073266,nominal,1.7835070455934021,0.35481263831268306,0.07284945918717252,0.46256665469892777,unauthorized_command
897,space,1.0029643737388607,0.43031219895856504,12,0.20123434017858619,0,0.010322257001636286,nominal,1.3756285232791516,0.438017967490278,0.5689611898729022,0.8641016617282973,unauthorized_command
898,ground,1.4674178615064477,0.29202386026951754,3,0.38021003577727575,0,0.009806112012539087,nominal,2.106224028750574,0.7143161518021853,0.16363454197585398,0.794859330884502,ground_segment_compromise
899,link,-0.22944679441685856,0.44016363370923584,6,0.07968717010271475,0,0.009554621436287786,nominal,0.11324932649066374,0.04829037477905975,0.8615508088128788,0.08574207782368533,benign
900,ground,1.056648409817029,0.6195827014797877,5,0.1619695668220177,0,0.0016110990518583314,nominal,0.1380060404527721,0.005102794668214922,0.8760211997431608,0.10797237824810198,benign
901,space,0.6923335271754258,0.5000457883705925,8,0.016046125190366925,0,0.0007702248657366762,degraded,0.11192855461444709,0.10444000186916921,0.9200439081355514,0.0804993195357976,benign
902,link,2.013628605284457,0.22420805455617726,11,0.03611831772238956,0,0.00010468573316502639,lost,0.07439884358357471,0.05416705344322233,0.9190715559627948,0.06600377959541563,benign
903,ground,1.2369389530694954,0.7192609824182575,4,0.04112126059431423,0,0.009497597947128547,nominal,0.07944324493229946,0.06918984010840246,0.8769167585720437,0.12110645323699915,benign
904,link,9.837260153079106,6.3014023903076914,7,0.25026323845025605,0,0.1342495005414469,degraded,2.011542830347769,0.458386791086301,0.03256102243946211,0.7305235473083748,uplink_jamming
905,link,1.710617910896607,1.2204434030531253,4,0.1799911722762974,1,0.030292740027185953,degraded,1.6011047228395552,0.6346093552443274,0.11181913855831035,0.599190036725973,spoofing
906,ground,0.43302683201609793,0.516077007752731,3,0.0467495040697403,0,0.009146909247082322,nominal,0.12533182274545016,0.04201339954199576,0.8293749025937655,0.10711984162599182,benign
907,ground,0.02040919563201149,0.7677251541065374,17,0.4434424548291792,1,0.011071832179574206,nominal,1.7809325426362688,0.43143318333386393,0.5838788330169583,0.5719275506310777,unauthorized_command
908,link,0.7046801326640055,0.20088388476266777,4,0.06703079436880138,0,0.004165345061206146,nominal,0.06697985502261833,0.06447777834298868,0.9959942579218101,0.10895295024482876,benign
909,ground,0.9960920414547105,0.26003876519022195,8,0.008416510072738406,0,0.005805670235907876,lost,0.14404034267421112,0.03676620258067362,0.8763077684947094,0.29188044375111066,benign
910,link,0.4297107552557228,0.4984664395903864,2,0.12470293282814465,0,0.009638089696209997,lost,0.0898433976838286,0.0419281332602618,0.8176185701423774,0.2578585863339169,benign
911,link,1.673716749175333,0.5032420943327572,3,0.019021972035656694,0,0.0037991016088955534,nominal,0.10627606875467187,0.013908717264032512,0.8429558798629568,0.1771209777084186,benign
912,ground,1.144110239210859,0.739323547200964,4,0.14978713357918796,0,0.008440563327871357,nominal,2.5339283386472,0.4273110616795288,0.023432771047533652,0.8455420664454736,payload_data_manipulation
913,ground,1.5226037910161252,0.802638336864042,3,0.10154177586769968,0,0.0058103832417124345,degraded,0.09278440337916179,0.0700727375673823,0.9015319992902462,0.12472631630268056,benign
914,ground,1.1416124793053593,0.30821434645707674,9,0.01755602404982315,0,0.009959066403863423,degraded,0.06162464816630948,0.0374026530172525,0.9019500823227534,0.11039547208131237,benign
915,link,1.0482151897642522,0.49794773518877544,6,0.027317437722682268,0,0.005300246368249503,degraded,0.10619659593518041,0.06130463897753101,0.8275946266281388,0.07757881158920314,benign
916,space,1.318117914215162,0.569472680703225,3,0.027608678615715466,0,0.005139047125496728,nominal,0.13917340531044586,0.08031890292588467,0.8880066306008011,0.11773345325307748,benign
917,ground,0.28675842168941745,0.4467925497712507,7,0.006083913188596565,0,0.007729335403597556,nominal,0.03584254772916548,0.027402579669346665,0.8149358865633419,0.045678039033562996,benign
918,link,0.5880693446884566,0.4296973246482202,5,0.015633735856285868,0,0.0064569386838391795,degraded,0.1483139369617336,0.08625814441317498,0.8331106359549388,0.1304807701090227,benign
919,ground,8.1207809658043,4.919502666297706,4,0.29743412594602175,0,0.10301218467504264,lost,2.7736595108518207,0.46352595921977635,0.13186315035890614,0.8152404905627169,uplink_jamming
920,space,0.9652458202164932,0.653022773479391,1,0.15871311589478082,0,0.009599352537877288,nominal,0.08735903423360795,0.02640404781395055,0.8220352365465952,0.1339001221322484,benign
921,ground,0.3320865774247391,0.8695320005884898,2,0.08390009242759836,0,0.008855990948498354,nominal,0.09525865054765005,0.05186265914784652,0.8675992062623846,0.10540770429953425,benign
922,link,0.9181872756134564,0.15823250549571222,8,0.016446028822086838,0,0.0013709994679883296,degraded,0.121529912350845,0.044198506905370034,0.8665880720844383,0.05753986723697765,benign
923,link,3.8164903425759307,1.2464447317514908,2,0.2796381810959612,0,0.016229990391957775,nominal,2.9189710149961376,0.5422143692195263,0.5989510741117535,0.6151666313687024,spoofing
924,space,1.2462135611539311,0.172749970134495,12,0.3957760857708675,1,0.018936106021826576,nominal,2.698907239452762,0.4800169443857913,0.17481144283463376,0.7075135835383857,unauthorized_command
925,ground,12.396930346770441,6.121076368449011,5,0.23847552794783922,1,0.14787649891801297,nominal,2.0381922037944733,0.5974725600905728,0.29008143859401064,0.8136877562371585,uplink_jamming
926,link,1.873462318592819,0.37878452477894065,5,0.08158582627560705,0,0.004311844071921811,degraded,1.971236178151911,0.6524741488639387,0.5309368623608357,0.7540814540227312,ground_segment_compromise
927,link,1.5895728581178377,0.7497311507779276,4,0.14831583581335336,0,0.005976821280278075,nominal,0.13434234885318597,0.05013849442087429,0.891248605169259,0.12306150158505968,benign
928,ground,0.5382853971393038,0.5159913973531521,17,0.47240931855098844,0,0.0007168830464912146,lost,2.347537991352189,0.38044804063373383,0.360750118483306,0.897538377685331,unauthorized_command
929,space,9.1928320569942,4.907017592654049,2,0.26461318316762183,0,0.050507597986096615,nominal,2.155519532684039,0.5919186153676953,0.07589457559215253,0.4318436693028203,uplink_jamming
930,ground,1.9406593127251734,0.9204514683297875,7,0.42563575968005063,0,0.027480963043946913,nominal,2.039038856947995,0.5270921342707441,0.5781300828978327,0.49490193424565565,spoofing
931,space,0.3117632794542967,0.42122828656615713,7,0.023645895692778942,0,0.00521541449193514,lost,0.08220905823308941,0.0019352041803737605,0.9037036265219426,0.09738741719353333,benign
932,space,10.887233601282777,3.640567802649805,6,0.14802091434969053,0,0.1533611501224776,nominal,2.3167483520432004,0.5881953041520519,0.1128834724837936,0.5313986254327374,uplink_jamming
933,space,0.2624412420502591,0.20731276879637106,3,0.009701775400082883,0,0.007713801887202277,nominal,0.11800990681666082,0.013605227201756505,0.8633004279820582,0.2326487254908234,benign
934,link,1.4838633429174095,0.4866217043884765,5,0.2657332865344762,1,0.006804156412736363,nominal,1.9694620927391835,0.4868183478922053,0.2394835851769621,0.7750958840037199,payload_data_manipulation
935,ground,3.50431901556456,1.1157464459296669,2,0.1093403539374929,1,0.03803928024087308,nominal,2.49334560999725,0.5912749779913846,0.5601373869616398,0.5254427711802094,spoofing
936,space,0.6708323523192555,0.5694525645668223,6,0.3644224495747872,1,0.0008469421158669721,degraded,2.403489933055167,0.5003275688034122,0.14835065393026892,0.8953481211474635,ground_segment_compromise
937,link,0.9107655027927752,0.5363050993493295,3,0.013558106954393632,0,0.000152165296909772,nominal,0.11082802735691462,0.013374827243765326,0.9413121628645996,0.26107249747410055,benign
938,ground,2.3048973379234727,0.9287718995776859,3,0.1746401237079581,1,0.013439135875001664,lost,1.440480782268183,0.4829706060258101,0.35462853291401286,0.9312471699510242,spoofing
939,space,1.3764235912658045,0.6815223622093537,6,0.005907748114889011,0,0.0023877500831956003,lost,0.08740536245837852,0.07535797590341772,0.9073241805709917,0.08385836562354568,benign
940,ground,0.9113464254033385,0.2828197041279043,7,0.0823089550780131,0,0.007023737401060409,degraded,0.11895748725186016,0.0218695805266747,0.971592686399801,0.1813208495132612,benign
941,space,0.49927171317559926,0.4757025789119178,7,0.1558807753818734,0,0.008899601216153182,degraded,0.09920670407732433,0.03224397239324693,0.9802076995468046,0.26311158871299134,benign
942,ground,1.344077428989249,0.5997244608286001,6,0.06044973671118315,0,0.0021294052648008345,nominal,0.09158273507602066,0.043860753624477,0.8380721876011364,0.008017351273552442,benign
943,space,1.2798066555687222,0.7385212409954632,2,0.09704611655001498,0,0.005308079280904162,nominal,1.8604959892459847,0.4319665488820934,0.4876380296589514,0.747778342141968,payload_data_manipulation
944,link,0.9088298183581901,0.47714518901262587,4,0.105983337366579,0,0.009994827040238524,nominal,0.1411101191392666,0.06369187507043761,0.9989519274613993,0.24095762091297007,benign
945,link,8.606780631615512,6.897868075799124,8,0.37765954060902396,0,0.13598893553964247,nominal,1.8498409287172637,0.38215632870693245,0.47177635730501893,0.6477155623702437,uplink_jamming
946,space,8.75850123256256,6.089368376110932,1,0.2567533970659207,0,0.12085999532590466,lost,2.088024952761687,0.4339842947595919,0.025411590532713666,0.7888486448894221,uplink_jamming
947,ground,0.9333512165030355,0.4378706236303436,9,0.060891935061305746,0,0.0028814524861152826,lost,0.14533578419254417,0.07752012972727709,0.9906432061012372,0.28891923382890605,benign
948,ground,0.4988239450347487,0.7449270577864525,10,0.08859807641942628,0,0.00615979174410445,nominal,0.14703601117436246,0.025353896327845515,0.8232127301301349,0.26786137569843055,benign
949,ground,11.172161701050262,3.6452583407077235,7,0.41720413432440534,0,0.07853598257131986,nominal,1.1415712385723153,0.4654545252382069,0.07862532548725944,0.9223986865712536,uplink_jamming
950,ground,0.47656074861175046,0.05273390012726514,5,0.05970104263628905,0,0.0041549644553683885,lost,0.09909564715917717,0.04084970194951486,0.8450393056450494,0.1240122887625058,benign
951,link,2.142604310830453,0.9346540855040557,17,0.11071372636927072,0,0.018025319300066046,nominal,1.8663647114018227,0.4424666181146929,0.2560412020032567,0.6483457140616117,unauthorized_command
952,ground,4.438210776281385,0.9082789205107709,6,0.3534459004119743,0,0.0490508640174816,degraded,2.2586377136806535,0.5629238180295241,0.16898147601207406,0.40858449387654083,spoofing
953,link,0.9082740730608171,0.6340809726747115,4,0.03905135468235914,0,0.0015188640201736225,nominal,0.12592793510035105,0.05743879687987538,0.8508965508197064,0.2584909870062926,benign
954,space,1.4968467577777291,0.5133177653805844,3,0.021446463203591448,0,0.00522260404529016,nominal,0.1603712874578324,0.042869151427144286,0.918695239970861,0.29920336478504944,benign
955,ground,3.9431422558888816,0.8647338665562376,4,0.34801297936339437,0,0.011091506026022624,nominal,2.439653646354488,0.5039309198743466,0.19557092637266116,0.49400328060851084,spoofing
956,ground,3.974609111422171,0.6097199707707823,6,0.21457338710005847,1,0.011605151563130231,degraded,2.351746761355586,0.599441028121763,0.07714095876178133,0.9909425494809475,spoofing
957,link,7.256853239677327,4.854648952087406,6,0.2502460244361846,0,0.12808609059722442,nominal,1.3061490256544528,0.529994536725018,0.5495146451074745,0.95390226144224,uplink_jamming
958,ground,0.014092416134030006,0.7353566764348642,7,0.032422417496413516,0,0.0011277055848915307,degraded,0.16149887302322263,0.028611120272088862,0.9979385735573044,0.04017824794969647,benign
959,link,1.8102093539842352,0.7545781334548083,2,0.0993787559423275,1,0.023797604176869686,nominal,1.2226938134249725,0.32793948680852736,0.5687817393266985,0.6159391058763536,spoofing
960,link,0.8886202988909458,0.5139605591673455,3,0.016061150615395505,1,0.005749125841779004,nominal,0.05025969531951071,0.04667804473965796,0.8833681318520735,0.2516554752793132,benign
961,space,8.73777138986798,5.591605001948727,4,0.5051321079478082,1,0.13376738010199835,degraded,1.7168596174097082,0.2832976161884803,0.254307314700346,0.659856702712204,uplink_jamming
962,link,1.387940547040622,0.5174272171099616,2,0.0003940525400016429,0,0.005360249609770508,nominal,0.1398467962829298,0.08067245691465846,0.8593068858709625,0.25017251217735575,benign
963,ground,1.7650237207808144,0.31619604178621163,3,0.04350487507466026,0,0.006705135986187676,nominal,0.10380416254074314,0.054740099317573274,0.9351629732832184,0.18750689967944761,benign
964,space,11.49954605146743,4.649062113494013,6,0.4072231007170393,0,0.14856111354038185,nominal,2.300156895788854,0.4545048547402526,0.3993075496254985,0.7484174918501191,uplink_jamming
965,ground,1.4798648301386335,0.4132089005855045,20,0.13835812485590815,0,0.001757123686530291,nominal,2.7821451317635066,0.5670718322435774,0.5765316775349842,0.642967468479317,unauthorized_command
966,space,1.1201356613817732,0.5208214293855354,2,0.020252244352306305,1,0.0010492264527464368,lost,0.11649431620598961,-0.002265370783400361,0.861378636437816,0.26216981025043473,benign
967,space,4.925648675874055,0.44095815522750825,7,0.46459710017410344,0,0.04080488830679071,nominal,2.868436386576213,0.4455734501903349,0.2000508008676099,0.4106769340076951,spoofing
968,ground,3.2078824286333276,0.33232654110838866,3,0.43614764658787347,0,0.010056866881239603,nominal,2.836876249000636,0.41792951140865087,0.11173932285852832,0.8343920499842502,spoofing
969,link,0.5927747053924741,0.7860060777842739,6,0.0006369158261898281,0,0.006104112036936661,nominal,0.16593506778841177,0.06019903333485375,0.9345581418932061,0.14923099605690487,benign
970,space,2.1572960063392532,1.4912334447648141,3,0.5286916259156821,1,0.030469060972980543,nominal,1.9264042723101011,0.6417872219473078,0.41078299911786403,0.9504438750215131,spoofing
971,link,1.0341416379693193,0.4945729534761715,2,0.007199505375791322,0,0.006893408646762126,degraded,0.1523439516161644,0.05494579999148505,0.8796298567868661,0.0360979972192605,benign
972,space,1.3807153120304465,0.7394108237362678,4,0.021685219409329496,0,0.0009359780612665425,nominal,0.07209162012897034,0.05594494021861157,0.8888775063224285,0.15099023267748854,benign
973,space,2.93519074643887,1.0615554672208551,3,0.2556968613242021,1,0.044713116549254785,nominal,2.760300450881606,0.6261761160395001,0.22462967082877122,0.5249606927605415,spoofing
974,link,3.5375160916165935,0.7808976297476078,3,0.44081959886180105,0,0.040126938869985,nominal,1.7324861918859047,0.5217688304184918,0.4892124804902194,0.7881277259915207,spoofing
975,ground,0.8076499955712251,0.29796665607675166,2,0.014659351826313014,0,0.0012490390532420292,degraded,0.0318297876331243,0.010059051267640506,0.9660400661312957,0.16369233797806954,benign
976,link,1.0489132459261337,0.6600064979653256,5,0.004233768208589999,0,0.0005458031058952706,lost,0.1244635461246042,0.04864619491133858,0.8390288539693773,0.0102049646538097,benign
977,space,1.3490417324588342,-0.05090432567967462,6,0.12908772458484374,0,0.0009671983355112957,nominal,0.12693704628379748,0.06283621512000463,0.9010057542773999,0.1415623760313873,benign
978,link,1.0016221720390996,0.5834606923007235,7,0.11003365356249345,0,0.005988699772268414,nominal,0.10204283606569092,0.08399639275904727,0.8324263890550341,0.17304593627737566,benign
979,space,0.8176958640511228,0.6804116493585409,6,0.2218161712341636,1,0.004472167398935514,nominal,1.875284630790556,0.5014060737187959,0.07321890910715087,0.7523150202802702,payload_data_manipulation
980,link,1.2588789078544202,0.36540255616694867,5,0.100878576563921,0,0.006888931080324473,nominal,0.1483714709577029,0.04636109123315163,0.937203347195991,0.18078488308040727,benign
981,link,1.2985280498692704,0.5624969996394608,6,0.034380121674183944,0,0.0017829326163655236,nominal,0.00463890001555986,0.04596451247401683,0.8935664678743485,0.06288896638540385,benign
982,ground,1.3634874154191552,0.3851713857626917,5,0.04228587256428907,0,0.0046531282590780865,nominal,1.4151784019330087,0.38113849180045417,0.3203106235754322,0.791910161248264,payload_data_manipulation
983,space,1.0879890445028073,0.19867117554924923,2,0.15668886238602103,0,0.002243026268249746,nominal,0.13579585702427827,0.05707358751782097,0.8556222494848713,0.13405237633958905,benign
984,space,1.3583638238586713,0.48761910651293033,5,0.008424767720500667,0,0.008867554060867875,nominal,0.02928114371920562,0.030932721661440107,0.9379157740624755,0.12726627658582232,benign
985,link,1.5185311448822136,0.5007532807016507,6,0.1331258451487112,0,0.0004024042161061925,degraded,0.059729916496720964,0.05040543784244576,0.9660954057373249,0.044245192421180246,benign
986,ground,0.23388910637984428,0.3329523269749901,4,0.03132680940785978,0,0.0011211015418841964,degraded,0.026094314280615538,0.05620958554011867,0.9884401322953094,0.20899994029909857,benign
987,ground,0.8870063252443554,0.6846356611245836,3,0.05165566250924425,0,0.0003830722199145098,lost,0.06043752351162162,0.07220891888378597,0.9505253314868565,0.24511193358275374,benign
988,ground,10.99280199395739,5.433468898923959,4,0.5329484964874517,0,0.19907037900517943,nominal,1.378041490090641,0.4699088509195366,0.05297915406460276,0.9823471931186074,uplink_jamming
989,space,0.7255221104243401,0.7499793005091971,7,0.006785360200898679,0,0.0048287512197268965,lost,0.11539219164585948,0.04646812612405253,0.9611053724810067,0.042323676455812316,benign
990,space,4.208413724432466,0.7304573842351331,6,0.11956276581260819,0,0.034961749216675,nominal,2.443401790558245,0.5596458872997419,0.12705090823847767,0.9409901061278312,spoofing
991,ground,1.2073502569919727,0.2981927672663005,3,0.05633653277886926,0,0.003989929166702472,lost,0.11858910500391377,0.05415167224190755,0.8445516227094214,0.2538684969346233,benign
992,ground,1.9139717357324297,0.6786188956437587,13,0.11111426935558572,0,0.01963798108955996,nominal,2.1216000425078816,0.36134593435140466,0.08703800165559232,0.9149106461701246,unauthorized_command
993,space,0.3913027793322379,0.20234835743539348,15,0.287559384382567,0,0.01115752631737701,nominal,2.275286796850799,0.3784456787948943,0.16723682600122783,0.6278741568867732,unauthorized_command
994,space,-0.2715465947373894,0.674647513471523,5,0.12130119368960458,0,0.00012049974896248705,nominal,0.026287859508474717,0.0627279033334335,0.9673278034813932,0.048965989785021445,benign
995,ground,0.4794973908581065,0.6166867138311931,2,0.07250535822919893,0,0.0020004863315363232,nominal,0.06525436112219424,0.04762037617100098,0.916767452100465,0.019813661191802077,benign
996,ground,0.6773034527059449,0.20383988158123323,2,0.23842737049336812,0,0.007369220622829524,nominal,0.14021138497691263,0.020445773613653493,0.8275231162096162,0.011184191132686937,benign
997,space,3.503237403877222,1.1350664899668246,5,0.6470969709274306,0,0.043860781275089473,nominal,1.4462696098251144,0.5380301802444829,0.012313507027509173,0.8699585192738656,spoofing
998,ground,1.0190463684188522,0.2229536678432496,3,0.03686500417052286,1,0.004499382927530557,nominal,0.08478508378951224,0.03932939642603812,0.884611785509039,0.17601470517653986,benign
999,space,0.6861240524317276,0.19778129030949532,6,0.1544428026888119,1,0.00457319956210711,nominal,0.06432649753553665,0.08310866161806238,0.8614416773646382,0.04621823811916028,benign
